source_id,relation,target_id
1997_Hochreiter_Long_Short_Term_Memory,dataset,Adding_Problem
1997_Hochreiter_Long_Short_Term_Memory,dataset,Embedded_Reber_Grammar
1997_Hochreiter_Long_Short_Term_Memory,dataset,Multiplication_Problem
1997_Hochreiter_Long_Short_Term_Memory,dataset,Synthetic_Long_Time_Lag_Benchmarks
1997_Hochreiter_Long_Short_Term_Memory,dataset,Temporal_Order_Problem
1997_Hochreiter_Long_Short_Term_Memory,feature,LSTM
1997_Hochreiter_Long_Short_Term_Memory,metric,Absolute_Error
1997_Hochreiter_Long_Short_Term_Memory,metric,Classification_Error
1997_Hochreiter_Long_Short_Term_Memory,metric,MSE
1997_Hochreiter_Long_Short_Term_Memory,model,LSTM
1997_Hochreiter_Long_Short_Term_Memory,model,RNN
1997_Hochreiter_Long_Short_Term_Memory,model,RTRL
1997_Hochreiter_Long_Short_Term_Memory,model,Recurrent_Cascade_Correlation
2001_Hippert_Neural_Networks_STLF_Review,dataset,Autonomous_Island_System_Crete
2001_Hippert_Neural_Networks_STLF_Review,dataset,Greek_Power_System
2001_Hippert_Neural_Networks_STLF_Review,dataset,Taiwan_Power_System
2001_Hippert_Neural_Networks_STLF_Review,dataset,Utility_Load_Data_1990s
2001_Hippert_Neural_Networks_STLF_Review,feature,Calendar_Features
2001_Hippert_Neural_Networks_STLF_Review,feature,Historical_Load
2001_Hippert_Neural_Networks_STLF_Review,feature,Humidity
2001_Hippert_Neural_Networks_STLF_Review,feature,Nonlinear_Temperature_Functions
2001_Hippert_Neural_Networks_STLF_Review,feature,Temperature
2001_Hippert_Neural_Networks_STLF_Review,feature,Weather_Forecast
2001_Hippert_Neural_Networks_STLF_Review,metric,MAE
2001_Hippert_Neural_Networks_STLF_Review,metric,MAPE
2001_Hippert_Neural_Networks_STLF_Review,metric,MSPE
2001_Hippert_Neural_Networks_STLF_Review,metric,RMSE
2001_Hippert_Neural_Networks_STLF_Review,metric,Standard_Deviation_Errors
2001_Hippert_Neural_Networks_STLF_Review,model,ANN
2001_Hippert_Neural_Networks_STLF_Review,model,ARIMA
2001_Hippert_Neural_Networks_STLF_Review,model,Adaline
2001_Hippert_Neural_Networks_STLF_Review,model,Fuzzy_Neural_Network
2001_Hippert_Neural_Networks_STLF_Review,model,Kohonen_SOM
2001_Hippert_Neural_Networks_STLF_Review,model,Linear_Regression
2001_Hippert_Neural_Networks_STLF_Review,model,MLP
2001_Hippert_Neural_Networks_STLF_Review,model,Projection_Pursuit_Regression
2001_Hippert_Neural_Networks_STLF_Review,model,RNN
2013_Roberts_Gaussian_Processes_Time_Series,dataset,Bramblemet_Sensor_Network
2013_Roberts_Gaussian_Processes_Time_Series,dataset,Dow_Jones_1972_1975
2013_Roberts_Gaussian_Processes_Time_Series,dataset,HD_189733_Photometry
2013_Roberts_Gaussian_Processes_Time_Series,dataset,Nile_River_Water_Levels
2013_Roberts_Gaussian_Processes_Time_Series,feature,Changepoint_Kernel
2013_Roberts_Gaussian_Processes_Time_Series,feature,Covariance_Function
2013_Roberts_Gaussian_Processes_Time_Series,feature,Matern_Kernel
2013_Roberts_Gaussian_Processes_Time_Series,feature,Mean_Function
2013_Roberts_Gaussian_Processes_Time_Series,feature,Periodic_Kernel
2013_Roberts_Gaussian_Processes_Time_Series,feature,Rational_Quadratic_Kernel
2013_Roberts_Gaussian_Processes_Time_Series,feature,Squared_Exponential_Kernel
2013_Roberts_Gaussian_Processes_Time_Series,metric,Log_Marginal_Likelihood
2013_Roberts_Gaussian_Processes_Time_Series,metric,NRMSE
2013_Roberts_Gaussian_Processes_Time_Series,metric,RMSE
2013_Roberts_Gaussian_Processes_Time_Series,model,Gaussian_Process
2013_Roberts_Gaussian_Processes_Time_Series,model,Kalman_Filter
2014_Alizadeh_Scalable_Stochastic_EV_Demand,dataset,NHTS_2009
2014_Alizadeh_Scalable_Stochastic_EV_Demand,dataset,UC_Davis_PH_EV_Center_Data
2014_Alizadeh_Scalable_Stochastic_EV_Demand,feature,Calendar_Features
2014_Alizadeh_Scalable_Stochastic_EV_Demand,feature,Charging_Duration
2014_Alizadeh_Scalable_Stochastic_EV_Demand,feature,Charging_Power
2014_Alizadeh_Scalable_Stochastic_EV_Demand,feature,Daily_Mileage
2014_Alizadeh_Scalable_Stochastic_EV_Demand,feature,EV_Arrival_Rate
2014_Alizadeh_Scalable_Stochastic_EV_Demand,feature,Laxity_Slack_Time
2014_Alizadeh_Scalable_Stochastic_EV_Demand,feature,Submetering_Triplets
2014_Alizadeh_Scalable_Stochastic_EV_Demand,metric,Absolute_Error_kW
2014_Alizadeh_Scalable_Stochastic_EV_Demand,metric,Kolmogorov_Smirnov_Test
2014_Alizadeh_Scalable_Stochastic_EV_Demand,metric,Log_Likelihood
2014_Alizadeh_Scalable_Stochastic_EV_Demand,metric,MAE
2014_Alizadeh_Scalable_Stochastic_EV_Demand,model,ARIMA
2014_Alizadeh_Scalable_Stochastic_EV_Demand,model,Factor_Model
2014_Alizadeh_Scalable_Stochastic_EV_Demand,model,Kalman_Filter
2014_Alizadeh_Scalable_Stochastic_EV_Demand,model,Persistence_Model
2014_Alizadeh_Scalable_Stochastic_EV_Demand,model,Queuing_Model
2014_Kingma_Adam_Stochastic_Optimization,dataset,CIFAR-10
2014_Kingma_Adam_Stochastic_Optimization,dataset,IMDB_Movie_Reviews
2014_Kingma_Adam_Stochastic_Optimization,dataset,MNIST
2014_Kingma_Adam_Stochastic_Optimization,dataset,Synthetic_VAE_Objective
2014_Kingma_Adam_Stochastic_Optimization,feature,Adam
2014_Kingma_Adam_Stochastic_Optimization,feature,Bag_of_Words_Features
2014_Kingma_Adam_Stochastic_Optimization,feature,Dropout_Noise
2014_Kingma_Adam_Stochastic_Optimization,feature,Signal_to_Noise_Ratio
2014_Kingma_Adam_Stochastic_Optimization,metric,Convergence_Iterations
2014_Kingma_Adam_Stochastic_Optimization,metric,NLL
2014_Kingma_Adam_Stochastic_Optimization,metric,Wall_Clock_Time
2014_Kingma_Adam_Stochastic_Optimization,model,Adam
2015_Raza_Review_AI_Load_Demand,dataset,California_Grid
2015_Raza_Review_AI_Load_Demand,dataset,ELIA_Belgian_Grid
2015_Raza_Review_AI_Load_Demand,dataset,ISO_New_England_Grid
2015_Raza_Review_AI_Load_Demand,dataset,New_York_Grid
2015_Raza_Review_AI_Load_Demand,dataset,Ontario_Grid
2015_Raza_Review_AI_Load_Demand,dataset,Singapore_Grid
2015_Raza_Review_AI_Load_Demand,dataset,UK_National_Grid
2015_Raza_Review_AI_Load_Demand,dataset,Victoria_Australia_Grid
2015_Raza_Review_AI_Load_Demand,feature,Calendar_Features
2015_Raza_Review_AI_Load_Demand,feature,Dew_Point
2015_Raza_Review_AI_Load_Demand,feature,Electricity_Tariff
2015_Raza_Review_AI_Load_Demand,feature,Historical_Load
2015_Raza_Review_AI_Load_Demand,feature,Holiday_Flag
2015_Raza_Review_AI_Load_Demand,feature,Humidity
2015_Raza_Review_AI_Load_Demand,feature,Temperature
2015_Raza_Review_AI_Load_Demand,metric,MAE
2015_Raza_Review_AI_Load_Demand,metric,MAPE
2015_Raza_Review_AI_Load_Demand,metric,MSE
2015_Raza_Review_AI_Load_Demand,metric,RMSE
2015_Raza_Review_AI_Load_Demand,model,ANFIS
2015_Raza_Review_AI_Load_Demand,model,ANN
2015_Raza_Review_AI_Load_Demand,model,Fuzzy_Logic
2015_Raza_Review_AI_Load_Demand,model,MLP
2015_Raza_Review_AI_Load_Demand,model,SVM
2015_Raza_Review_AI_Load_Demand,model,SVR
2015_Raza_Review_AI_Load_Demand,model,Wavelet_Neural_Network
2017_Attention_Is_All_You_Need,dataset,BerkleyParser_Corpus
2017_Attention_Is_All_You_Need,dataset,Penn_Treebank
2017_Attention_Is_All_You_Need,dataset,WMT_2014_EN-DE
2017_Attention_Is_All_You_Need,dataset,WMT_2014_EN-FR
2017_Attention_Is_All_You_Need,feature,Byte_Pair_Encoding
2017_Attention_Is_All_You_Need,feature,Sinusoidal_Positional_Encoding
2017_Attention_Is_All_You_Need,feature,Token_Embeddings
2017_Attention_Is_All_You_Need,metric,BLEU
2017_Attention_Is_All_You_Need,metric,F1_Score
2017_Attention_Is_All_You_Need,metric,Perplexity
2017_Attention_Is_All_You_Need,model,ByteNet
2017_Attention_Is_All_You_Need,model,ConvS2S
2017_Attention_Is_All_You_Need,model,Multi_Head_Attention
2017_Attention_Is_All_You_Need,model,Transformer
2017_Finn_MAML_Model_Agnostic_Meta_Learning,dataset,MiniImageNet
2017_Finn_MAML_Model_Agnostic_Meta_Learning,dataset,MuJoCo_Ant
2017_Finn_MAML_Model_Agnostic_Meta_Learning,dataset,MuJoCo_Half_Cheetah
2017_Finn_MAML_Model_Agnostic_Meta_Learning,dataset,Omniglot
2017_Finn_MAML_Model_Agnostic_Meta_Learning,dataset,Sinusoid_Regression
2017_Finn_MAML_Model_Agnostic_Meta_Learning,dataset,rllab_2D_Navigation
2017_Finn_MAML_Model_Agnostic_Meta_Learning,feature,Hessian_Vector_Products
2017_Finn_MAML_Model_Agnostic_Meta_Learning,feature,K_Shot_Support_Set
2017_Finn_MAML_Model_Agnostic_Meta_Learning,feature,Task_Distribution
2017_Finn_MAML_Model_Agnostic_Meta_Learning,metric,Accuracy
2017_Finn_MAML_Model_Agnostic_Meta_Learning,metric,Average_Return
2017_Finn_MAML_Model_Agnostic_Meta_Learning,metric,MSE
2017_Finn_MAML_Model_Agnostic_Meta_Learning,model,CNN
2017_Finn_MAML_Model_Agnostic_Meta_Learning,model,MAML
2017_Finn_MAML_Model_Agnostic_Meta_Learning,model,MLP
2017_Finn_MAML_Model_Agnostic_Meta_Learning,model,REINFORCE
2017_Finn_MAML_Model_Agnostic_Meta_Learning,model,Reptile
2017_Finn_MAML_Model_Agnostic_Meta_Learning,model,TRPO
2017_Liu_QRA_Sister_Forecasts_Probabilistic_Load,dataset,GEFCom2014
2017_Liu_QRA_Sister_Forecasts_Probabilistic_Load,feature,Calendar_Features
2017_Liu_QRA_Sister_Forecasts_Probabilistic_Load,feature,Temperature
2017_Liu_QRA_Sister_Forecasts_Probabilistic_Load,metric,MAE
2017_Liu_QRA_Sister_Forecasts_Probabilistic_Load,metric,Pinball_Loss
2017_Liu_QRA_Sister_Forecasts_Probabilistic_Load,metric,Winkler_Score
2017_Liu_QRA_Sister_Forecasts_Probabilistic_Load,model,QRA
2017_Liu_QRA_Sister_Forecasts_Probabilistic_Load,model,Quantile_Regression
2017_Liu_QRA_Sister_Forecasts_Probabilistic_Load,model,Recency_Effect_Regression
2017_Liu_QRA_Sister_Forecasts_Probabilistic_Load,model,Taos_Vanilla_Benchmark
2018_Bai_Empirical_TCN_Sequence_Modeling,dataset,Adding_Problem
2018_Bai_Empirical_TCN_Sequence_Modeling,dataset,Copy_Memory
2018_Bai_Empirical_TCN_Sequence_Modeling,dataset,JSB_Chorales
2018_Bai_Empirical_TCN_Sequence_Modeling,dataset,LAMBADA
2018_Bai_Empirical_TCN_Sequence_Modeling,dataset,MNIST
2018_Bai_Empirical_TCN_Sequence_Modeling,dataset,Nottingham
2018_Bai_Empirical_TCN_Sequence_Modeling,dataset,Penn_Treebank
2018_Bai_Empirical_TCN_Sequence_Modeling,dataset,Wikitext-103
2018_Bai_Empirical_TCN_Sequence_Modeling,dataset,text8
2018_Bai_Empirical_TCN_Sequence_Modeling,feature,Dilation_Factor
2018_Bai_Empirical_TCN_Sequence_Modeling,feature,Raw_Sequence_Input
2018_Bai_Empirical_TCN_Sequence_Modeling,feature,Residual_Component
2018_Bai_Empirical_TCN_Sequence_Modeling,feature,Spatial_Dropout
2018_Bai_Empirical_TCN_Sequence_Modeling,feature,Weight_Normalization
2018_Bai_Empirical_TCN_Sequence_Modeling,metric,Accuracy
2018_Bai_Empirical_TCN_Sequence_Modeling,metric,Bits_Per_Character
2018_Bai_Empirical_TCN_Sequence_Modeling,metric,MSE
2018_Bai_Empirical_TCN_Sequence_Modeling,metric,NLL
2018_Bai_Empirical_TCN_Sequence_Modeling,metric,Perplexity
2018_Bai_Empirical_TCN_Sequence_Modeling,model,EURNN
2018_Bai_Empirical_TCN_Sequence_Modeling,model,GRU
2018_Bai_Empirical_TCN_Sequence_Modeling,model,LSTM
2018_Bai_Empirical_TCN_Sequence_Modeling,model,RNN
2018_Bai_Empirical_TCN_Sequence_Modeling,model,TCN
2018_Bai_Empirical_TCN_Sequence_Modeling,model,TCN
2018_Nichol_Reptile_First_Order_Meta_Learning,dataset,MiniImageNet
2018_Nichol_Reptile_First_Order_Meta_Learning,dataset,Omniglot
2018_Nichol_Reptile_First_Order_Meta_Learning,dataset,Sinusoid_Regression
2018_Nichol_Reptile_First_Order_Meta_Learning,feature,K-Shot_N-Way_Classification
2018_Nichol_Reptile_First_Order_Meta_Learning,feature,Weight_Interpolation
2018_Nichol_Reptile_First_Order_Meta_Learning,metric,Accuracy
2018_Nichol_Reptile_First_Order_Meta_Learning,model,MAML
2018_Nichol_Reptile_First_Order_Meta_Learning,model,Reptile
2018_Nichol_Reptile_First_Order_Meta_Learning,model,Reptile
2019_Li_LogSparse_Enhancing_Locality_Transformer,dataset,Electricity_ECL
2019_Li_LogSparse_Enhancing_Locality_Transformer,dataset,M4
2019_Li_LogSparse_Enhancing_Locality_Transformer,dataset,Solar_Energy
2019_Li_LogSparse_Enhancing_Locality_Transformer,dataset,Synthetic_Sinusoidal
2019_Li_LogSparse_Enhancing_Locality_Transformer,dataset,Traffic
2019_Li_LogSparse_Enhancing_Locality_Transformer,dataset,Wind_Speed
2019_Li_LogSparse_Enhancing_Locality_Transformer,feature,Age_Feature
2019_Li_LogSparse_Enhancing_Locality_Transformer,feature,Historical_Load
2019_Li_LogSparse_Enhancing_Locality_Transformer,feature,Positional_Embedding
2019_Li_LogSparse_Enhancing_Locality_Transformer,feature,Series_ID_Embedding
2019_Li_LogSparse_Enhancing_Locality_Transformer,feature,Time_Based_Covariates
2019_Li_LogSparse_Enhancing_Locality_Transformer,metric,NLL
2019_Li_LogSparse_Enhancing_Locality_Transformer,metric,Pinball_Loss
2019_Li_LogSparse_Enhancing_Locality_Transformer,model,ARIMA
2019_Li_LogSparse_Enhancing_Locality_Transformer,model,Convolutional_Self_Attention
2019_Li_LogSparse_Enhancing_Locality_Transformer,model,DeepAR
2019_Li_LogSparse_Enhancing_Locality_Transformer,model,DeepState
2019_Li_LogSparse_Enhancing_Locality_Transformer,model,ETS
2019_Li_LogSparse_Enhancing_Locality_Transformer,model,LogSparse_Transformer
2019_Li_LogSparse_Enhancing_Locality_Transformer,model,TRMF
2019_Li_LogSparse_Enhancing_Locality_Transformer,model,Transformer
2019_Toubeau_Deep_Probabilistic_Scheduling_Power_Markets,dataset,ELIA_Belgian_Grid
2019_Toubeau_Deep_Probabilistic_Scheduling_Power_Markets,dataset,NWP_Belgium
2019_Toubeau_Deep_Probabilistic_Scheduling_Power_Markets,feature,Calendar_Features
2019_Toubeau_Deep_Probabilistic_Scheduling_Power_Markets,feature,Electricity_Load
2019_Toubeau_Deep_Probabilistic_Scheduling_Power_Markets,feature,Lag_Features
2019_Toubeau_Deep_Probabilistic_Scheduling_Power_Markets,feature,Market_Price
2019_Toubeau_Deep_Probabilistic_Scheduling_Power_Markets,feature,Solar_Power
2019_Toubeau_Deep_Probabilistic_Scheduling_Power_Markets,feature,Weather_Features
2019_Toubeau_Deep_Probabilistic_Scheduling_Power_Markets,feature,Wind_Power
2019_Toubeau_Deep_Probabilistic_Scheduling_Power_Markets,metric,ACF_Deviation
2019_Toubeau_Deep_Probabilistic_Scheduling_Power_Markets,metric,Pearson_Correlation
2019_Toubeau_Deep_Probabilistic_Scheduling_Power_Markets,metric,Pinball_Loss
2019_Toubeau_Deep_Probabilistic_Scheduling_Power_Markets,metric,RMSE
2019_Toubeau_Deep_Probabilistic_Scheduling_Power_Markets,metric,Spearman_Correlation
2019_Toubeau_Deep_Probabilistic_Scheduling_Power_Markets,model,ARIMA
2019_Toubeau_Deep_Probabilistic_Scheduling_Power_Markets,model,BiLSTM
2019_Toubeau_Deep_Probabilistic_Scheduling_Power_Markets,model,Empirical_Copula
2019_Toubeau_Deep_Probabilistic_Scheduling_Power_Markets,model,LSTM
2019_Toubeau_Deep_Probabilistic_Scheduling_Power_Markets,model,MLP
2019_Toubeau_Deep_Probabilistic_Scheduling_Power_Markets,model,Random_Forest
2019_Toubeau_Deep_Probabilistic_Scheduling_Power_Markets,model,SVR
2019_Wu_Graph_WaveNet_Spatial_Temporal_Modeling,dataset,Traffic
2019_Wu_Graph_WaveNet_Spatial_Temporal_Modeling,feature,Sensor_Time_Series
2019_Wu_Graph_WaveNet_Spatial_Temporal_Modeling,feature,Traffic_Speed
2019_Wu_Graph_WaveNet_Spatial_Temporal_Modeling,metric,MAE
2019_Wu_Graph_WaveNet_Spatial_Temporal_Modeling,metric,MAPE
2019_Wu_Graph_WaveNet_Spatial_Temporal_Modeling,metric,RMSE
2019_Wu_Graph_WaveNet_Spatial_Temporal_Modeling,model,Graph_WaveNet
2019_Zhu_ApplSci_EV_Load_Forecasting,dataset,Liuyue_Charging_Station_Dataset
2019_Zhu_ApplSci_EV_Load_Forecasting,feature,Charging_Duration
2019_Zhu_ApplSci_EV_Load_Forecasting,feature,Electricity_Tariff
2019_Zhu_ApplSci_EV_Load_Forecasting,feature,Historical_Load
2019_Zhu_ApplSci_EV_Load_Forecasting,feature,Holiday_Flag
2019_Zhu_ApplSci_EV_Load_Forecasting,metric,MSE
2019_Zhu_ApplSci_EV_Load_Forecasting,metric,NMAE
2019_Zhu_ApplSci_EV_Load_Forecasting,metric,NRMSE
2019_Zhu_ApplSci_EV_Load_Forecasting,model,ANN
2019_Zhu_ApplSci_EV_Load_Forecasting,model,GRU
2019_Zhu_ApplSci_EV_Load_Forecasting,model,LSTM
2019_Zhu_ApplSci_EV_Load_Forecasting,model,RNN
2019_Zhu_EV_Load_Forecasting,dataset,Shenzhen_ST_EVCDP
2019_Zhu_EV_Load_Forecasting,feature,Historical_Load
2019_Zhu_EV_Load_Forecasting,feature,Holiday_Flag
2019_Zhu_EV_Load_Forecasting,feature,Lookback_Window
2019_Zhu_EV_Load_Forecasting,feature,Seasonality
2019_Zhu_EV_Load_Forecasting,metric,MAE
2019_Zhu_EV_Load_Forecasting,metric,RMSE
2019_Zhu_EV_Load_Forecasting,metric,R_squared
2019_Zhu_EV_Load_Forecasting,model,ANN
2019_Zhu_EV_Load_Forecasting,model,BiLSTM
2019_Zhu_EV_Load_Forecasting,model,GRU
2019_Zhu_EV_Load_Forecasting,model,LSTM
2019_Zhu_EV_Load_Forecasting,model,RNN
2019_Zhu_EV_Load_Forecasting,model,Stacked_AutoEncoder
2020_Huang_Ensemble_EV_Load,dataset,Boulder_Colorado
2020_Huang_Ensemble_EV_Load,feature,Arrival_Departure_Time
2020_Huang_Ensemble_EV_Load,feature,Charging_Duration
2020_Huang_Ensemble_EV_Load,feature,Energy_Consumption
2020_Huang_Ensemble_EV_Load,feature,Historical_Load
2020_Huang_Ensemble_EV_Load,feature,Hourly_Aggregated_Load
2020_Huang_Ensemble_EV_Load,metric,MAE
2020_Huang_Ensemble_EV_Load,metric,MSE
2020_Huang_Ensemble_EV_Load,metric,RMSE
2020_Huang_Ensemble_EV_Load,model,ANN
2020_Huang_Ensemble_EV_Load,model,Ensemble_Stacking
2020_Huang_Ensemble_EV_Load,model,LSTM
2020_Huang_Ensemble_EV_Load,model,Linear_Regression
2020_Huang_Ensemble_EV_Load,model,RNN
2020_Oreshkin_NBEATS_Interpretable_Time_Series_Forecasting,dataset,Electricity_ECL
2020_Oreshkin_NBEATS_Interpretable_Time_Series_Forecasting,dataset,M3
2020_Oreshkin_NBEATS_Interpretable_Time_Series_Forecasting,dataset,M4
2020_Oreshkin_NBEATS_Interpretable_Time_Series_Forecasting,dataset,Tourism
2020_Oreshkin_NBEATS_Interpretable_Time_Series_Forecasting,dataset,Traffic
2020_Oreshkin_NBEATS_Interpretable_Time_Series_Forecasting,feature,Fourier_Seasonality_Basis
2020_Oreshkin_NBEATS_Interpretable_Time_Series_Forecasting,feature,Learned_Basis
2020_Oreshkin_NBEATS_Interpretable_Time_Series_Forecasting,feature,Lookback_Window
2020_Oreshkin_NBEATS_Interpretable_Time_Series_Forecasting,feature,Polynomial_Trend_Basis
2020_Oreshkin_NBEATS_Interpretable_Time_Series_Forecasting,metric,MAPE
2020_Oreshkin_NBEATS_Interpretable_Time_Series_Forecasting,metric,MASE
2020_Oreshkin_NBEATS_Interpretable_Time_Series_Forecasting,metric,ND
2020_Oreshkin_NBEATS_Interpretable_Time_Series_Forecasting,metric,OWA
2020_Oreshkin_NBEATS_Interpretable_Time_Series_Forecasting,metric,sMAPE
2020_Oreshkin_NBEATS_Interpretable_Time_Series_Forecasting,model,NBEATS
2020_Oreshkin_NBEATS_Interpretable_Time_Series_Forecasting,model,NBEATS-G
2020_Oreshkin_NBEATS_Interpretable_Time_Series_Forecasting,model,NBEATS-I
2020_Salinas_DeepAR_Probabilistic_Forecasting,dataset,Amazon_EC_Dataset
2020_Salinas_DeepAR_Probabilistic_Forecasting,dataset,Electricity_ECL
2020_Salinas_DeepAR_Probabilistic_Forecasting,dataset,Parts_Dataset
2020_Salinas_DeepAR_Probabilistic_Forecasting,dataset,Traffic
2020_Salinas_DeepAR_Probabilistic_Forecasting,feature,Age_Feature
2020_Salinas_DeepAR_Probabilistic_Forecasting,feature,Calendar_Features
2020_Salinas_DeepAR_Probabilistic_Forecasting,feature,Item_Embedding
2020_Salinas_DeepAR_Probabilistic_Forecasting,feature,Scale_Factor
2020_Salinas_DeepAR_Probabilistic_Forecasting,metric,ND
2020_Salinas_DeepAR_Probabilistic_Forecasting,metric,Pinball_Loss
2020_Salinas_DeepAR_Probabilistic_Forecasting,metric,RMSE
2020_Salinas_DeepAR_Probabilistic_Forecasting,model,DeepAR
2020_Salinas_DeepAR_Probabilistic_Forecasting,model,LSTM
2021_Buzna_Hierarchical_Probabilistic_EV_Load,dataset,COROP_Regions
2021_Buzna_Hierarchical_Probabilistic_EV_Load,dataset,ElaadNL
2021_Buzna_Hierarchical_Probabilistic_EV_Load,dataset,Weather
2021_Buzna_Hierarchical_Probabilistic_EV_Load,feature,Calendar_Features
2021_Buzna_Hierarchical_Probabilistic_EV_Load,feature,Historical_Load
2021_Buzna_Hierarchical_Probabilistic_EV_Load,feature,PCA
2021_Buzna_Hierarchical_Probabilistic_EV_Load,feature,Super_User_Features
2021_Buzna_Hierarchical_Probabilistic_EV_Load,feature,Weather_Forecast
2021_Buzna_Hierarchical_Probabilistic_EV_Load,metric,AACE
2021_Buzna_Hierarchical_Probabilistic_EV_Load,metric,Pinball_Loss
2021_Buzna_Hierarchical_Probabilistic_EV_Load,model,GBRT
2021_Buzna_Hierarchical_Probabilistic_EV_Load,model,PCA
2021_Buzna_Hierarchical_Probabilistic_EV_Load,model,PLQR
2021_Buzna_Hierarchical_Probabilistic_EV_Load,model,QRF
2021_Buzna_Hierarchical_Probabilistic_EV_Load,model,QRNN
2021_Dabbaghjamanesh_RL_Q_Learning_EV_Load,dataset,Simulated_PHEV_Charging_Data
2021_Dabbaghjamanesh_RL_Q_Learning_EV_Load,feature,All_Electric_Range
2021_Dabbaghjamanesh_RL_Q_Learning_EV_Load,feature,Battery_Capacity
2021_Dabbaghjamanesh_RL_Q_Learning_EV_Load,feature,Charging_Start_Time
2021_Dabbaghjamanesh_RL_Q_Learning_EV_Load,feature,Daily_Driven_Miles
2021_Dabbaghjamanesh_RL_Q_Learning_EV_Load,feature,Depth_of_Discharge
2021_Dabbaghjamanesh_RL_Q_Learning_EV_Load,feature,Historical_Load
2021_Dabbaghjamanesh_RL_Q_Learning_EV_Load,feature,State_of_Charge
2021_Dabbaghjamanesh_RL_Q_Learning_EV_Load,metric,MSE
2021_Dabbaghjamanesh_RL_Q_Learning_EV_Load,metric,Training_Epochs
2021_Dabbaghjamanesh_RL_Q_Learning_EV_Load,model,ANN
2021_Dabbaghjamanesh_RL_Q_Learning_EV_Load,model,Q_Learning
2021_Dabbaghjamanesh_RL_Q_Learning_EV_Load,model,RNN
2021_Lim_TFT_Temporal_Fusion_Transformers,dataset,Electricity_ECL
2021_Lim_TFT_Temporal_Fusion_Transformers,dataset,Favorita_Retail
2021_Lim_TFT_Temporal_Fusion_Transformers,dataset,Oxford_Man_Realized_Library
2021_Lim_TFT_Temporal_Fusion_Transformers,dataset,Traffic
2021_Lim_TFT_Temporal_Fusion_Transformers,feature,Calendar_Features
2021_Lim_TFT_Temporal_Fusion_Transformers,feature,Entity_Embeddings
2021_Lim_TFT_Temporal_Fusion_Transformers,feature,Known_Future_Inputs
2021_Lim_TFT_Temporal_Fusion_Transformers,feature,Past_Observed_Inputs
2021_Lim_TFT_Temporal_Fusion_Transformers,feature,Static_Covariates
2021_Lim_TFT_Temporal_Fusion_Transformers,metric,Pinball_Loss
2021_Lim_TFT_Temporal_Fusion_Transformers,model,GRN
2021_Lim_TFT_Temporal_Fusion_Transformers,model,Interpretable_Multi_Head_Attention
2021_Lim_TFT_Temporal_Fusion_Transformers,model,LSTM
2021_Lim_TFT_Temporal_Fusion_Transformers,model,Quantile_Regression
2021_Lim_TFT_Temporal_Fusion_Transformers,model,Temporal_Fusion_Transformer
2021_Lim_TFT_Temporal_Fusion_Transformers,model,VSN
2021_Rasul_TimeGrad_Diffusion_Forecasting,dataset,Electricity_ECL
2021_Rasul_TimeGrad_Diffusion_Forecasting,dataset,Exchange
2021_Rasul_TimeGrad_Diffusion_Forecasting,dataset,NYC_Taxi
2021_Rasul_TimeGrad_Diffusion_Forecasting,dataset,Solar_Energy
2021_Rasul_TimeGrad_Diffusion_Forecasting,dataset,Traffic
2021_Rasul_TimeGrad_Diffusion_Forecasting,dataset,Wikipedia_Pageviews
2021_Rasul_TimeGrad_Diffusion_Forecasting,feature,Calendar_Features
2021_Rasul_TimeGrad_Diffusion_Forecasting,feature,Historical_Load
2021_Rasul_TimeGrad_Diffusion_Forecasting,feature,Lag_Features
2021_Rasul_TimeGrad_Diffusion_Forecasting,feature,Mean_Scaling
2021_Rasul_TimeGrad_Diffusion_Forecasting,feature,Multivariate_Time_Series
2021_Rasul_TimeGrad_Diffusion_Forecasting,metric,CRPS
2021_Rasul_TimeGrad_Diffusion_Forecasting,model,DDPM
2021_Rasul_TimeGrad_Diffusion_Forecasting,model,Dilated_Convolution
2021_Rasul_TimeGrad_Diffusion_Forecasting,model,LSTM
2021_Rasul_TimeGrad_Diffusion_Forecasting,model,Score_Matching
2021_Rasul_TimeGrad_Diffusion_Forecasting,model,TimeGrad
2021_Stankeviciute_Conformal_Time_Series_Forecasting,dataset,COVID19_UK_Dataset
2021_Stankeviciute_Conformal_Time_Series_Forecasting,dataset,MIMIC-III
2021_Stankeviciute_Conformal_Time_Series_Forecasting,dataset,Synthetic_AR_Noise
2021_Stankeviciute_Conformal_Time_Series_Forecasting,dataset,UCI_EEG
2021_Stankeviciute_Conformal_Time_Series_Forecasting,feature,Direct_Forecasting_Strategy
2021_Stankeviciute_Conformal_Time_Series_Forecasting,feature,Multi_Horizon_Forecast
2021_Stankeviciute_Conformal_Time_Series_Forecasting,metric,Joint_Coverage
2021_Stankeviciute_Conformal_Time_Series_Forecasting,metric,MPIW
2021_Stankeviciute_Conformal_Time_Series_Forecasting,model,BJ-RNN
2021_Stankeviciute_Conformal_Time_Series_Forecasting,model,CF-RNN
2021_Stankeviciute_Conformal_Time_Series_Forecasting,model,DP-RNN
2021_Stankeviciute_Conformal_Time_Series_Forecasting,model,LSTM
2021_Stankeviciute_Conformal_Time_Series_Forecasting,model,MQ-RNN
2021_Tashiro_CSDI_Conditional_Diffusion_Forecasting,dataset,Beijing_PM25_Air_Quality
2021_Tashiro_CSDI_Conditional_Diffusion_Forecasting,dataset,Electricity_ECL
2021_Tashiro_CSDI_Conditional_Diffusion_Forecasting,dataset,NYC_Taxi
2021_Tashiro_CSDI_Conditional_Diffusion_Forecasting,dataset,PhysioNet_2012_Healthcare
2021_Tashiro_CSDI_Conditional_Diffusion_Forecasting,dataset,Solar_Alabama
2021_Tashiro_CSDI_Conditional_Diffusion_Forecasting,dataset,Traffic
2021_Tashiro_CSDI_Conditional_Diffusion_Forecasting,dataset,Wiki_Pageviews
2021_Tashiro_CSDI_Conditional_Diffusion_Forecasting,feature,Conditional_Mask
2021_Tashiro_CSDI_Conditional_Diffusion_Forecasting,feature,Diffusion_Step_Embedding
2021_Tashiro_CSDI_Conditional_Diffusion_Forecasting,feature,Feature_Embedding
2021_Tashiro_CSDI_Conditional_Diffusion_Forecasting,feature,Observation_Mask
2021_Tashiro_CSDI_Conditional_Diffusion_Forecasting,feature,Temporal_Embedding
2021_Tashiro_CSDI_Conditional_Diffusion_Forecasting,feature,Timestamp
2021_Tashiro_CSDI_Conditional_Diffusion_Forecasting,metric,CRPS
2021_Tashiro_CSDI_Conditional_Diffusion_Forecasting,metric,MAE
2021_Tashiro_CSDI_Conditional_Diffusion_Forecasting,metric,MSE
2021_Tashiro_CSDI_Conditional_Diffusion_Forecasting,metric,NLL
2021_Tashiro_CSDI_Conditional_Diffusion_Forecasting,metric,RMSE
2021_Tashiro_CSDI_Conditional_Diffusion_Forecasting,model,CSDI
2021_Tashiro_CSDI_Conditional_Diffusion_Forecasting,model,DDPM
2021_Tashiro_CSDI_Conditional_Diffusion_Forecasting,model,TimeGrad
2021_Tashiro_CSDI_Conditional_Diffusion_Forecasting,model,Transformer
2021_VanKriekinge_Day_Ahead_EV_Demand,dataset,Hospital_Semi_Public_Charging_Site_Dataset
2021_VanKriekinge_Day_Ahead_EV_Demand,feature,Cyclical_Day_Number_Features
2021_VanKriekinge_Day_Ahead_EV_Demand,feature,Cyclical_Quarter_Hour_Features
2021_VanKriekinge_Day_Ahead_EV_Demand,feature,EV_Charging_Demand
2021_VanKriekinge_Day_Ahead_EV_Demand,feature,Holiday_Flag
2021_VanKriekinge_Day_Ahead_EV_Demand,feature,Rainfall
2021_VanKriekinge_Day_Ahead_EV_Demand,feature,Temperature
2021_VanKriekinge_Day_Ahead_EV_Demand,metric,MAE
2021_VanKriekinge_Day_Ahead_EV_Demand,metric,MSE
2021_VanKriekinge_Day_Ahead_EV_Demand,metric,RMSE
2021_VanKriekinge_Day_Ahead_EV_Demand,model,LSTM
2021_VanKriekinge_Day_Ahead_EV_Demand,model,LSTM_B
2021_VanKriekinge_Day_Ahead_EV_Demand,model,LSTM_C
2021_VanKriekinge_Day_Ahead_EV_Demand,model,LSTM_W
2021_VanKriekinge_Day_Ahead_EV_Demand,model,RNN
2021_Wu_Autoformer_Decomposition_Transformers_AutoCorrelation,dataset,COVID19_Dashboard
2021_Wu_Autoformer_Decomposition_Transformers_AutoCorrelation,dataset,ETT
2021_Wu_Autoformer_Decomposition_Transformers_AutoCorrelation,dataset,Electricity_ECL
2021_Wu_Autoformer_Decomposition_Transformers_AutoCorrelation,dataset,Exchange
2021_Wu_Autoformer_Decomposition_Transformers_AutoCorrelation,dataset,ILI
2021_Wu_Autoformer_Decomposition_Transformers_AutoCorrelation,dataset,Traffic
2021_Wu_Autoformer_Decomposition_Transformers_AutoCorrelation,dataset,Weather
2021_Wu_Autoformer_Decomposition_Transformers_AutoCorrelation,feature,Autocorrelation_Time_Delay
2021_Wu_Autoformer_Decomposition_Transformers_AutoCorrelation,feature,Moving_Average_Decomposition
2021_Wu_Autoformer_Decomposition_Transformers_AutoCorrelation,feature,Seasonal_Component
2021_Wu_Autoformer_Decomposition_Transformers_AutoCorrelation,feature,Trend_Component
2021_Wu_Autoformer_Decomposition_Transformers_AutoCorrelation,metric,MAE
2021_Wu_Autoformer_Decomposition_Transformers_AutoCorrelation,metric,MSE
2021_Wu_Autoformer_Decomposition_Transformers_AutoCorrelation,model,Auto_Correlation
2021_Wu_Autoformer_Decomposition_Transformers_AutoCorrelation,model,Autoformer
2021_Wu_Autoformer_Decomposition_Transformers_AutoCorrelation,model,DeepAR
2021_Wu_Autoformer_Decomposition_Transformers_AutoCorrelation,model,Informer
2021_Wu_Autoformer_Decomposition_Transformers_AutoCorrelation,model,LSTNet
2021_Wu_Autoformer_Decomposition_Transformers_AutoCorrelation,model,LogTrans
2021_Wu_Autoformer_Decomposition_Transformers_AutoCorrelation,model,NBEATS
2021_Wu_Autoformer_Decomposition_Transformers_AutoCorrelation,model,Prophet
2021_Wu_Autoformer_Decomposition_Transformers_AutoCorrelation,model,Reformer
2021_Wu_Autoformer_Decomposition_Transformers_AutoCorrelation,model,Series_Decomposition_Block
2021_Zhang_Probabilistic_Queuing_EV_Load,dataset,M42_Motorway_Traffic_Flow
2021_Zhang_Probabilistic_Queuing_EV_Load,dataset,NHTS_2009
2021_Zhang_Probabilistic_Queuing_EV_Load,dataset,UK_National_Travel_Survey
2021_Zhang_Probabilistic_Queuing_EV_Load,feature,Daily_Travel_Distance
2021_Zhang_Probabilistic_Queuing_EV_Load,feature,Driver_Behavior
2021_Zhang_Probabilistic_Queuing_EV_Load,feature,EV_Arrival_Rate
2021_Zhang_Probabilistic_Queuing_EV_Load,feature,State_of_Charge
2021_Zhang_Probabilistic_Queuing_EV_Load,feature,Traffic
2021_Zhang_Probabilistic_Queuing_EV_Load,metric,ACE
2021_Zhang_Probabilistic_Queuing_EV_Load,metric,Interval_Sharpness
2021_Zhang_Probabilistic_Queuing_EV_Load,metric,MAE
2021_Zhang_Probabilistic_Queuing_EV_Load,metric,MAPE
2021_Zhang_Probabilistic_Queuing_EV_Load,metric,PICP
2021_Zhang_Probabilistic_Queuing_EV_Load,metric,Pinball_Loss
2021_Zhang_Probabilistic_Queuing_EV_Load,metric,RMSE
2021_Zhang_Probabilistic_Queuing_EV_Load,model,BPNN
2021_Zhang_Probabilistic_Queuing_EV_Load,model,CNN
2021_Zhang_Probabilistic_Queuing_EV_Load,model,Ensemble_Stacking
2021_Zhang_Probabilistic_Queuing_EV_Load,model,GMM
2021_Zhang_Probabilistic_Queuing_EV_Load,model,Queuing_Model
2021_Zhang_Probabilistic_Queuing_EV_Load,model,SAE
2021_Zhang_Probabilistic_Queuing_EV_Load,model,SVM
2021_Zhang_Probabilistic_Queuing_EV_Load,model,Wavelet_Decomposition
2021_Zhou_Informer_Beyond_Efficient_Transformer,dataset,ETT
2021_Zhou_Informer_Beyond_Efficient_Transformer,dataset,Electricity_ECL
2021_Zhou_Informer_Beyond_Efficient_Transformer,dataset,Weather
2021_Zhou_Informer_Beyond_Efficient_Transformer,feature,Climate_Features
2021_Zhou_Informer_Beyond_Efficient_Transformer,feature,Oil_Temperature
2021_Zhou_Informer_Beyond_Efficient_Transformer,feature,Power_Load_Features
2021_Zhou_Informer_Beyond_Efficient_Transformer,feature,ProbSparse_Attention
2021_Zhou_Informer_Beyond_Efficient_Transformer,feature,Temperature
2021_Zhou_Informer_Beyond_Efficient_Transformer,feature,Uniform_Input_Representation
2021_Zhou_Informer_Beyond_Efficient_Transformer,metric,MAE
2021_Zhou_Informer_Beyond_Efficient_Transformer,metric,MSE
2021_Zhou_Informer_Beyond_Efficient_Transformer,model,DeepAR
2021_Zhou_Informer_Beyond_Efficient_Transformer,model,Generative_Decoder
2021_Zhou_Informer_Beyond_Efficient_Transformer,model,Informer
2021_Zhou_Informer_Beyond_Efficient_Transformer,model,LSTMa
2021_Zhou_Informer_Beyond_Efficient_Transformer,model,LSTNet
2021_Zhou_Informer_Beyond_Efficient_Transformer,model,LogTrans
2021_Zhou_Informer_Beyond_Efficient_Transformer,model,ProbSparse_Attention
2021_Zhou_Informer_Beyond_Efficient_Transformer,model,Reformer
2021_Zhou_Informer_Beyond_Efficient_Transformer,model,Self-Attention_Distilling
2022_Cao_Robust_Deep_Gaussian_Process_Load,dataset,COVID19_US_City_Load
2022_Cao_Robust_Deep_Gaussian_Process_Load,dataset,Weather
2022_Cao_Robust_Deep_Gaussian_Process_Load,feature,Air_Pressure
2022_Cao_Robust_Deep_Gaussian_Process_Load,feature,Apple_Mobility_Index
2022_Cao_Robust_Deep_Gaussian_Process_Load,feature,Cloud_Cover
2022_Cao_Robust_Deep_Gaussian_Process_Load,feature,Google_Mobility_Index
2022_Cao_Robust_Deep_Gaussian_Process_Load,feature,Historical_Load
2022_Cao_Robust_Deep_Gaussian_Process_Load,feature,Humidity
2022_Cao_Robust_Deep_Gaussian_Process_Load,feature,Precipitation
2022_Cao_Robust_Deep_Gaussian_Process_Load,feature,Temperature
2022_Cao_Robust_Deep_Gaussian_Process_Load,metric,MAPE
2022_Cao_Robust_Deep_Gaussian_Process_Load,metric,Pinball_Loss
2022_Cao_Robust_Deep_Gaussian_Process_Load,model,BPNN
2022_Cao_Robust_Deep_Gaussian_Process_Load,model,Deep_Gaussian_Process
2022_Cao_Robust_Deep_Gaussian_Process_Load,model,SVR
2022_Cao_Robust_Deep_Gaussian_Process_Load,model,Sparse_GP
2022_Cao_Robust_Deep_Gaussian_Process_Load,model,VAE_DGP
2022_Kim_RevIN_Reversible_Instance_Normalization,dataset,ETT
2022_Kim_RevIN_Reversible_Instance_Normalization,dataset,Electricity_ECL
2022_Kim_RevIN_Reversible_Instance_Normalization,dataset,M4
2022_Kim_RevIN_Reversible_Instance_Normalization,dataset,Nasdaq_CNNpred
2022_Kim_RevIN_Reversible_Instance_Normalization,dataset,UCI_Air_Quality
2022_Kim_RevIN_Reversible_Instance_Normalization,feature,Historical_Load
2022_Kim_RevIN_Reversible_Instance_Normalization,metric,MAE
2022_Kim_RevIN_Reversible_Instance_Normalization,metric,MSE
2022_Kim_RevIN_Reversible_Instance_Normalization,model,Informer
2022_Kim_RevIN_Reversible_Instance_Normalization,model,NBEATS
2022_Kim_RevIN_Reversible_Instance_Normalization,model,RevIN
2022_Kim_RevIN_Reversible_Instance_Normalization,model,SCINet
2022_Zhang_GCN_TRN_EV_Availability,dataset,Dundee_EV
2022_Zhang_GCN_TRN_EV_Availability,feature,30_Min_Slot_Aggregation
2022_Zhang_GCN_TRN_EV_Availability,feature,Station_Latitude_Longitude
2022_Zhang_GCN_TRN_EV_Availability,feature,Station_Occupancy
2022_Zhang_GCN_TRN_EV_Availability,metric,Accuracy
2022_Zhang_GCN_TRN_EV_Availability,metric,MAE
2022_Zhang_GCN_TRN_EV_Availability,metric,RMSE
2022_Zhang_GCN_TRN_EV_Availability,metric,R_squared
2022_Zhang_GCN_TRN_EV_Availability,model,GCN
2022_Zhang_GCN_TRN_EV_Availability,model,GCN-GRU
2022_Zhang_GCN_TRN_EV_Availability,model,GRU
2022_Zhang_GCN_TRN_EV_Availability,model,Historical_Average
2022_Zhang_GCN_TRN_EV_Availability,model,SVR
2022_Zhang_GCN_TRN_EV_Availability,model,Transformer
2023_Cao_Treatment_Effects_Continuous_Time_Hidden_Confounders,dataset,COVID-19_German_Districts
2023_Cao_Treatment_Effects_Continuous_Time_Hidden_Confounders,dataset,MIMIC-III
2023_Cao_Treatment_Effects_Continuous_Time_Hidden_Confounders,dataset,Synthetic_Irregular_Time_Series
2023_Cao_Treatment_Effects_Continuous_Time_Hidden_Confounders,feature,Brownian_Motion
2023_Cao_Treatment_Effects_Continuous_Time_Hidden_Confounders,feature,Covariates
2023_Cao_Treatment_Effects_Continuous_Time_Hidden_Confounders,feature,Hidden_Confounders
2023_Cao_Treatment_Effects_Continuous_Time_Hidden_Confounders,feature,High_Frequency_Components
2023_Cao_Treatment_Effects_Continuous_Time_Hidden_Confounders,feature,Low_Frequency_Components
2023_Cao_Treatment_Effects_Continuous_Time_Hidden_Confounders,feature,Treatments
2023_Cao_Treatment_Effects_Continuous_Time_Hidden_Confounders,metric,RMSE
2023_Cao_Treatment_Effects_Continuous_Time_Hidden_Confounders,model,DTA
2023_Cao_Treatment_Effects_Continuous_Time_Hidden_Confounders,model,LSTM
2023_Cao_Treatment_Effects_Continuous_Time_Hidden_Confounders,model,LipSCDE
2023_Cao_Treatment_Effects_Continuous_Time_Hidden_Confounders,model,Lipschitz_RNN
2023_Cao_Treatment_Effects_Continuous_Time_Hidden_Confounders,model,MSM
2023_Cao_Treatment_Effects_Continuous_Time_Hidden_Confounders,model,Neural_CDE
2023_Cao_Treatment_Effects_Continuous_Time_Hidden_Confounders,model,Neural_SDE
2023_Cao_Treatment_Effects_Continuous_Time_Hidden_Confounders,model,RMSN
2023_Cao_Treatment_Effects_Continuous_Time_Hidden_Confounders,model,SeqDec
2023_Cao_Treatment_Effects_Continuous_Time_Hidden_Confounders,model,TSD
2023_Challu_NHiTS_Neural_Hierarchical_Interpolation,dataset,ETT
2023_Challu_NHiTS_Neural_Hierarchical_Interpolation,dataset,Electricity_ECL
2023_Challu_NHiTS_Neural_Hierarchical_Interpolation,dataset,Exchange
2023_Challu_NHiTS_Neural_Hierarchical_Interpolation,dataset,ILI
2023_Challu_NHiTS_Neural_Hierarchical_Interpolation,dataset,Traffic
2023_Challu_NHiTS_Neural_Hierarchical_Interpolation,dataset,Weather
2023_Challu_NHiTS_Neural_Hierarchical_Interpolation,feature,Historical_Load
2023_Challu_NHiTS_Neural_Hierarchical_Interpolation,metric,MAE
2023_Challu_NHiTS_Neural_Hierarchical_Interpolation,metric,MSE
2023_Challu_NHiTS_Neural_Hierarchical_Interpolation,model,ARIMA
2023_Challu_NHiTS_Neural_Hierarchical_Interpolation,model,Autoformer
2023_Challu_NHiTS_Neural_Hierarchical_Interpolation,model,DeepAR
2023_Challu_NHiTS_Neural_Hierarchical_Interpolation,model,DilRNN
2023_Challu_NHiTS_Neural_Hierarchical_Interpolation,model,FEDformer
2023_Challu_NHiTS_Neural_Hierarchical_Interpolation,model,Informer
2023_Challu_NHiTS_Neural_Hierarchical_Interpolation,model,LogTrans
2023_Challu_NHiTS_Neural_Hierarchical_Interpolation,model,NBEATS
2023_Challu_NHiTS_Neural_Hierarchical_Interpolation,model,NHiTS
2023_Challu_NHiTS_Neural_Hierarchical_Interpolation,model,Prophet
2023_Challu_NHiTS_Neural_Hierarchical_Interpolation,model,Reformer
2023_Cheng_VMD_Prophet_LSTM,dataset,Fujian_Province_EV_Charging_Station_Data
2023_Cheng_VMD_Prophet_LSTM,feature,Historical_Load
2023_Cheng_VMD_Prophet_LSTM,feature,VMD
2023_Cheng_VMD_Prophet_LSTM,feature,Zero_Crossing_Rate
2023_Cheng_VMD_Prophet_LSTM,metric,MAE
2023_Cheng_VMD_Prophet_LSTM,metric,R_squared
2023_Cheng_VMD_Prophet_LSTM,model,LSTM
2023_Cheng_VMD_Prophet_LSTM,model,Prophet
2023_Cheng_VMD_Prophet_LSTM,model,Prophet-LSTM
2023_Cheng_VMD_Prophet_LSTM,model,VMD
2023_Huang_MetaProbformer_EV_Load,dataset,Boulder_Colorado
2023_Huang_MetaProbformer_EV_Load,dataset,ElaadNL
2023_Huang_MetaProbformer_EV_Load,dataset,Palo_Alto_EV
2023_Huang_MetaProbformer_EV_Load,dataset,Perth_EV
2023_Huang_MetaProbformer_EV_Load,feature,Calendar_Features
2023_Huang_MetaProbformer_EV_Load,feature,Historical_Load
2023_Huang_MetaProbformer_EV_Load,metric,CRPS
2023_Huang_MetaProbformer_EV_Load,metric,MAE
2023_Huang_MetaProbformer_EV_Load,metric,MSE
2023_Huang_MetaProbformer_EV_Load,metric,Pinball_Loss
2023_Huang_MetaProbformer_EV_Load,metric,RMSE
2023_Huang_MetaProbformer_EV_Load,model,ARIMA
2023_Huang_MetaProbformer_EV_Load,model,DeepAR
2023_Huang_MetaProbformer_EV_Load,model,FPSeq2Q
2023_Huang_MetaProbformer_EV_Load,model,Informer
2023_Huang_MetaProbformer_EV_Load,model,LSTM
2023_Huang_MetaProbformer_EV_Load,model,MetaProbformer
2023_Huang_MetaProbformer_EV_Load,model,Prophet
2023_Huang_MetaProbformer_EV_Load,model,Reptile
2023_Huang_MetaProbformer_EV_Load,model,Transformer
2023_Koohfar_Transformer_EV_Demand,dataset,Boulder_Colorado
2023_Koohfar_Transformer_EV_Demand,dataset,Weather
2023_Koohfar_Transformer_EV_Demand,feature,Calendar_Features
2023_Koohfar_Transformer_EV_Demand,feature,Historical_Load
2023_Koohfar_Transformer_EV_Demand,feature,Precipitation
2023_Koohfar_Transformer_EV_Demand,feature,Snowfall
2023_Koohfar_Transformer_EV_Demand,feature,Temperature
2023_Koohfar_Transformer_EV_Demand,metric,MAE
2023_Koohfar_Transformer_EV_Demand,metric,MSE
2023_Koohfar_Transformer_EV_Demand,metric,RMSE
2023_Koohfar_Transformer_EV_Demand,model,ARIMA
2023_Koohfar_Transformer_EV_Demand,model,LSTM
2023_Koohfar_Transformer_EV_Demand,model,RNN
2023_Koohfar_Transformer_EV_Demand,model,SARIMA
2023_Koohfar_Transformer_EV_Demand,model,Transformer
2023_Nie_PatchTST_A_Time_Series_is_Worth_64_Words,dataset,ETT
2023_Nie_PatchTST_A_Time_Series_is_Worth_64_Words,dataset,Electricity_ECL
2023_Nie_PatchTST_A_Time_Series_is_Worth_64_Words,dataset,ILI
2023_Nie_PatchTST_A_Time_Series_is_Worth_64_Words,dataset,Traffic
2023_Nie_PatchTST_A_Time_Series_is_Worth_64_Words,dataset,Weather
2023_Nie_PatchTST_A_Time_Series_is_Worth_64_Words,feature,Channel_Independence
2023_Nie_PatchTST_A_Time_Series_is_Worth_64_Words,feature,Multivariate_Time_Series
2023_Nie_PatchTST_A_Time_Series_is_Worth_64_Words,feature,Patched_Embeddings
2023_Nie_PatchTST_A_Time_Series_is_Worth_64_Words,feature,Positional_Encoding
2023_Nie_PatchTST_A_Time_Series_is_Worth_64_Words,metric,MAE
2023_Nie_PatchTST_A_Time_Series_is_Worth_64_Words,metric,MSE
2023_Nie_PatchTST_A_Time_Series_is_Worth_64_Words,model,Masked_Autoencoder
2023_Nie_PatchTST_A_Time_Series_is_Worth_64_Words,model,PatchTST
2023_Nie_PatchTST_A_Time_Series_is_Worth_64_Words,model,RevIN
2023_Nie_PatchTST_A_Time_Series_is_Worth_64_Words,model,Transformer
2023_Wen_DiffSTG_Probabilistic_ST_Graph_Diffusion,dataset,AIR-BJ
2023_Wen_DiffSTG_Probabilistic_ST_Graph_Diffusion,dataset,AIR-GZ
2023_Wen_DiffSTG_Probabilistic_ST_Graph_Diffusion,dataset,Traffic
2023_Wen_DiffSTG_Probabilistic_ST_Graph_Diffusion,feature,Noise_Level_Embedding
2023_Wen_DiffSTG_Probabilistic_ST_Graph_Diffusion,feature,PM2.5_Concentration
2023_Wen_DiffSTG_Probabilistic_ST_Graph_Diffusion,feature,Traffic
2023_Wen_DiffSTG_Probabilistic_ST_Graph_Diffusion,metric,CRPS
2023_Wen_DiffSTG_Probabilistic_ST_Graph_Diffusion,metric,MAE
2023_Wen_DiffSTG_Probabilistic_ST_Graph_Diffusion,metric,RMSE
2023_Wen_DiffSTG_Probabilistic_ST_Graph_Diffusion,model,DiffSTG
2023_Wen_DiffSTG_Probabilistic_ST_Graph_Diffusion,model,UGnet
2023_Wu_TimesNet_Temporal_2D_Variation_Modeling,dataset,ETT
2023_Wu_TimesNet_Temporal_2D_Variation_Modeling,dataset,Electricity_ECL
2023_Wu_TimesNet_Temporal_2D_Variation_Modeling,dataset,Exchange
2023_Wu_TimesNet_Temporal_2D_Variation_Modeling,dataset,ILI
2023_Wu_TimesNet_Temporal_2D_Variation_Modeling,dataset,M4
2023_Wu_TimesNet_Temporal_2D_Variation_Modeling,dataset,MSL
2023_Wu_TimesNet_Temporal_2D_Variation_Modeling,dataset,PSM
2023_Wu_TimesNet_Temporal_2D_Variation_Modeling,dataset,SMAP
2023_Wu_TimesNet_Temporal_2D_Variation_Modeling,dataset,SMD
2023_Wu_TimesNet_Temporal_2D_Variation_Modeling,dataset,SWaT
2023_Wu_TimesNet_Temporal_2D_Variation_Modeling,dataset,Traffic
2023_Wu_TimesNet_Temporal_2D_Variation_Modeling,dataset,UEA_Archive
2023_Wu_TimesNet_Temporal_2D_Variation_Modeling,dataset,Weather
2023_Wu_TimesNet_Temporal_2D_Variation_Modeling,feature,Interperiod_Variation
2023_Wu_TimesNet_Temporal_2D_Variation_Modeling,feature,Intraperiod_Variation
2023_Wu_TimesNet_Temporal_2D_Variation_Modeling,feature,Multi_Periodicity
2023_Wu_TimesNet_Temporal_2D_Variation_Modeling,feature,Temporal_2D_Variations
2023_Wu_TimesNet_Temporal_2D_Variation_Modeling,metric,F1_Score
2023_Wu_TimesNet_Temporal_2D_Variation_Modeling,metric,MAE
2023_Wu_TimesNet_Temporal_2D_Variation_Modeling,metric,MASE
2023_Wu_TimesNet_Temporal_2D_Variation_Modeling,metric,MSE
2023_Wu_TimesNet_Temporal_2D_Variation_Modeling,metric,OWA
2023_Wu_TimesNet_Temporal_2D_Variation_Modeling,metric,sMAPE
2023_Wu_TimesNet_Temporal_2D_Variation_Modeling,model,FFT_Periodicity_Detection
2023_Wu_TimesNet_Temporal_2D_Variation_Modeling,model,Inception_2D_CNN
2023_Wu_TimesNet_Temporal_2D_Variation_Modeling,model,TimesNet
2023_Xiong_Combined_Deep_Learning_EV_Station_STLF,dataset,Boulder_Colorado
2023_Xiong_Combined_Deep_Learning_EV_Station_STLF,feature,Charging_Event_Records
2023_Xiong_Combined_Deep_Learning_EV_Station_STLF,feature,Historical_Load
2023_Xiong_Combined_Deep_Learning_EV_Station_STLF,feature,Timestamp
2023_Xiong_Combined_Deep_Learning_EV_Station_STLF,metric,MAE
2023_Xiong_Combined_Deep_Learning_EV_Station_STLF,metric,RMSE
2023_Xiong_Combined_Deep_Learning_EV_Station_STLF,model,CNN
2023_Xiong_Combined_Deep_Learning_EV_Station_STLF,model,CNN_LSTM_Transformer_Combined_Model
2023_Xiong_Combined_Deep_Learning_EV_Station_STLF,model,LSTM
2023_Xiong_Combined_Deep_Learning_EV_Station_STLF,model,Transformer
2023_Zeng_DLinear_Are_Transformers_Effective_LTSF,dataset,ETT
2023_Zeng_DLinear_Are_Transformers_Effective_LTSF,dataset,Electricity_ECL
2023_Zeng_DLinear_Are_Transformers_Effective_LTSF,dataset,Exchange
2023_Zeng_DLinear_Are_Transformers_Effective_LTSF,dataset,ILI
2023_Zeng_DLinear_Are_Transformers_Effective_LTSF,dataset,Traffic
2023_Zeng_DLinear_Are_Transformers_Effective_LTSF,dataset,Weather
2023_Zeng_DLinear_Are_Transformers_Effective_LTSF,feature,Distribution_Shift_Normalization
2023_Zeng_DLinear_Are_Transformers_Effective_LTSF,feature,Lookback_Window
2023_Zeng_DLinear_Are_Transformers_Effective_LTSF,feature,Moving_Average_Trend
2023_Zeng_DLinear_Are_Transformers_Effective_LTSF,feature,Trend_Seasonal_Decomposition
2023_Zeng_DLinear_Are_Transformers_Effective_LTSF,metric,MAE
2023_Zeng_DLinear_Are_Transformers_Effective_LTSF,metric,MSE
2023_Zeng_DLinear_Are_Transformers_Effective_LTSF,model,Autoformer
2023_Zeng_DLinear_Are_Transformers_Effective_LTSF,model,DLinear
2023_Zeng_DLinear_Are_Transformers_Effective_LTSF,model,FEDformer
2023_Zeng_DLinear_Are_Transformers_Effective_LTSF,model,Informer
2023_Zeng_DLinear_Are_Transformers_Effective_LTSF,model,LogTrans
2023_Zeng_DLinear_Are_Transformers_Effective_LTSF,model,NLinear
2023_Zeng_DLinear_Are_Transformers_Effective_LTSF,model,Pyraformer
2023_Zhang_Crossformer_Cross_Dimension_Dependency,dataset,ETT
2023_Zhang_Crossformer_Cross_Dimension_Dependency,dataset,Electricity_ECL
2023_Zhang_Crossformer_Cross_Dimension_Dependency,dataset,ILI
2023_Zhang_Crossformer_Cross_Dimension_Dependency,dataset,Traffic
2023_Zhang_Crossformer_Cross_Dimension_Dependency,dataset,Weather
2023_Zhang_Crossformer_Cross_Dimension_Dependency,feature,Cross_Dimension_Dependency
2023_Zhang_Crossformer_Cross_Dimension_Dependency,feature,Cross_Time_Dependency
2023_Zhang_Crossformer_Cross_Dimension_Dependency,feature,Multi_Scale_Representations
2023_Zhang_Crossformer_Cross_Dimension_Dependency,feature,Multivariate_Time_Series
2023_Zhang_Crossformer_Cross_Dimension_Dependency,feature,Segment_Embeddings
2023_Zhang_Crossformer_Cross_Dimension_Dependency,metric,MAE
2023_Zhang_Crossformer_Cross_Dimension_Dependency,metric,MSE
2023_Zhang_Crossformer_Cross_Dimension_Dependency,model,Crossformer
2023_Zhang_Crossformer_Cross_Dimension_Dependency,model,DSW_Embedding
2023_Zhang_Crossformer_Cross_Dimension_Dependency,model,Hierarchical_Encoder_Decoder
2023_Zhang_Crossformer_Cross_Dimension_Dependency,model,Router_Attention
2023_Zhang_Crossformer_Cross_Dimension_Dependency,model,Two_Stage_Attention
2023_Ziyabari_Multi_Branch_ResTrans_Solar,dataset,NSRDB
2023_Ziyabari_Multi_Branch_ResTrans_Solar,feature,Clearsky_GHI_DNI_DHI
2023_Ziyabari_Multi_Branch_ResTrans_Solar,feature,Cloud_Type
2023_Ziyabari_Multi_Branch_ResTrans_Solar,feature,DHI
2023_Ziyabari_Multi_Branch_ResTrans_Solar,feature,DNI
2023_Ziyabari_Multi_Branch_ResTrans_Solar,feature,Dew_Point
2023_Ziyabari_Multi_Branch_ResTrans_Solar,feature,GHI
2023_Ziyabari_Multi_Branch_ResTrans_Solar,feature,Humidity
2023_Ziyabari_Multi_Branch_ResTrans_Solar,feature,Precipitable_Water
2023_Ziyabari_Multi_Branch_ResTrans_Solar,feature,Pressure
2023_Ziyabari_Multi_Branch_ResTrans_Solar,feature,Solar_Zenith_Angle
2023_Ziyabari_Multi_Branch_ResTrans_Solar,feature,Temperature
2023_Ziyabari_Multi_Branch_ResTrans_Solar,feature,Wind_Direction
2023_Ziyabari_Multi_Branch_ResTrans_Solar,feature,Wind_Speed
2023_Ziyabari_Multi_Branch_ResTrans_Solar,metric,MAE
2023_Ziyabari_Multi_Branch_ResTrans_Solar,metric,RMSE
2023_Ziyabari_Multi_Branch_ResTrans_Solar,metric,R_squared
2023_Ziyabari_Multi_Branch_ResTrans_Solar,model,AttLSTM
2023_Ziyabari_Multi_Branch_ResTrans_Solar,model,CNN
2023_Ziyabari_Multi_Branch_ResTrans_Solar,model,CNN_LSTM
2023_Ziyabari_Multi_Branch_ResTrans_Solar,model,LSTM
2023_Ziyabari_Multi_Branch_ResTrans_Solar,model,ResLSTM
2023_Ziyabari_Multi_Branch_ResTrans_Solar,model,ResNet
2023_Ziyabari_Multi_Branch_ResTrans_Solar,model,ResTrans
2023_Ziyabari_Multi_Branch_ResTrans_Solar,model,Transformer
2024_Ahamed_TimeMachine_Mamba_Long_Term_Forecasting,dataset,ETT
2024_Ahamed_TimeMachine_Mamba_Long_Term_Forecasting,dataset,Electricity_ECL
2024_Ahamed_TimeMachine_Mamba_Long_Term_Forecasting,dataset,Traffic
2024_Ahamed_TimeMachine_Mamba_Long_Term_Forecasting,dataset,Weather_Dataset
2024_Ahamed_TimeMachine_Mamba_Long_Term_Forecasting,feature,Historical_Load
2024_Ahamed_TimeMachine_Mamba_Long_Term_Forecasting,metric,MAE
2024_Ahamed_TimeMachine_Mamba_Long_Term_Forecasting,metric,MSE
2024_Ahamed_TimeMachine_Mamba_Long_Term_Forecasting,model,Mamba_SSM
2024_Ali_MQ_TCN_Transfer_Learning_EV,dataset,Caltech_ACN
2024_Ali_MQ_TCN_Transfer_Learning_EV,dataset,NREL_Workplace_Charging
2024_Ali_MQ_TCN_Transfer_Learning_EV,feature,Calendar_Features
2024_Ali_MQ_TCN_Transfer_Learning_EV,feature,Cyclical_Encodings
2024_Ali_MQ_TCN_Transfer_Learning_EV,feature,Historical_Load
2024_Ali_MQ_TCN_Transfer_Learning_EV,feature,StationID_Embedding
2024_Ali_MQ_TCN_Transfer_Learning_EV,metric,ND
2024_Ali_MQ_TCN_Transfer_Learning_EV,metric,PICP
2024_Ali_MQ_TCN_Transfer_Learning_EV,metric,Pinball_Loss
2024_Ali_MQ_TCN_Transfer_Learning_EV,metric,Winkler_Score
2024_Ali_MQ_TCN_Transfer_Learning_EV,model,DeepAR
2024_Ali_MQ_TCN_Transfer_Learning_EV,model,MQ_TCN
2024_Ali_MQ_TCN_Transfer_Learning_EV,model,Meta_Learning
2024_Ali_MQ_TCN_Transfer_Learning_EV,model,Quantile_Regression
2024_Ali_MQ_TCN_Transfer_Learning_EV,model,TCN
2024_Ali_MQ_TCN_Transfer_Learning_EV,model,XGBoost
2024_Bampos_EV_Load_Forecasting_DAM,dataset,Caltech_ACN
2024_Bampos_EV_Load_Forecasting_DAM,dataset,CrowdCharge_EV
2024_Bampos_EV_Load_Forecasting_DAM,dataset,Greenflux
2024_Bampos_EV_Load_Forecasting_DAM,dataset,Palo_Alto_EV
2024_Bampos_EV_Load_Forecasting_DAM,feature,Calendar_Features
2024_Bampos_EV_Load_Forecasting_DAM,feature,Cyclical_Encodings
2024_Bampos_EV_Load_Forecasting_DAM,feature,EV_Charging_Demand
2024_Bampos_EV_Load_Forecasting_DAM,feature,Holiday_Flag
2024_Bampos_EV_Load_Forecasting_DAM,feature,Lag_Features
2024_Bampos_EV_Load_Forecasting_DAM,feature,Trend_Residual_Decomposition
2024_Bampos_EV_Load_Forecasting_DAM,metric,NMAE
2024_Bampos_EV_Load_Forecasting_DAM,metric,NRMSE
2024_Bampos_EV_Load_Forecasting_DAM,metric,R_squared
2024_Bampos_EV_Load_Forecasting_DAM,model,CNN_Dense
2024_Bampos_EV_Load_Forecasting_DAM,model,CNN_LSTM
2024_Bampos_EV_Load_Forecasting_DAM,model,Holt_Exponential_Smoothing
2024_Bampos_EV_Load_Forecasting_DAM,model,MLP
2024_Bampos_EV_Load_Forecasting_DAM,model,Persistence_Model
2024_Bampos_EV_Load_Forecasting_DAM,model,SARIMA
2024_Bampos_EV_Load_Forecasting_DAM,model,TCN
2024_Bampos_EV_Load_Forecasting_DAM,model,XGBoost
2024_Cao_Feature_Enhanced_Probabilistic_EV_Load,dataset,Shenzhen_ST_EVCDP
2024_Cao_Feature_Enhanced_Probabilistic_EV_Load,feature,Calendar_Features
2024_Cao_Feature_Enhanced_Probabilistic_EV_Load,feature,EV_Charging_Demand
2024_Cao_Feature_Enhanced_Probabilistic_EV_Load,feature,Electricity_Tariff
2024_Cao_Feature_Enhanced_Probabilistic_EV_Load,feature,Pearson_Correlation_Coefficient
2024_Cao_Feature_Enhanced_Probabilistic_EV_Load,feature,Temperature
2024_Cao_Feature_Enhanced_Probabilistic_EV_Load,feature,Weather_Conditions
2024_Cao_Feature_Enhanced_Probabilistic_EV_Load,metric,AIW
2024_Cao_Feature_Enhanced_Probabilistic_EV_Load,metric,Accuracy
2024_Cao_Feature_Enhanced_Probabilistic_EV_Load,metric,MAPE
2024_Cao_Feature_Enhanced_Probabilistic_EV_Load,metric,NRMSE
2024_Cao_Feature_Enhanced_Probabilistic_EV_Load,metric,Pinball_Loss
2024_Cao_Feature_Enhanced_Probabilistic_EV_Load,metric,Qualified_Rate
2024_Cao_Feature_Enhanced_Probabilistic_EV_Load,metric,RMSE
2024_Cao_Feature_Enhanced_Probabilistic_EV_Load,metric,R_squared
2024_Cao_Feature_Enhanced_Probabilistic_EV_Load,metric,Winkler_Score
2024_Cao_Feature_Enhanced_Probabilistic_EV_Load,metric,sMAPE
2024_Cao_Feature_Enhanced_Probabilistic_EV_Load,model,ARIMA
2024_Cao_Feature_Enhanced_Probabilistic_EV_Load,model,DeepAR
2024_Cao_Feature_Enhanced_Probabilistic_EV_Load,model,ESM
2024_Cao_Feature_Enhanced_Probabilistic_EV_Load,model,FEDM
2024_Cao_Feature_Enhanced_Probabilistic_EV_Load,model,GLU
2024_Cao_Feature_Enhanced_Probabilistic_EV_Load,model,GRN
2024_Cao_Feature_Enhanced_Probabilistic_EV_Load,model,LGBM
2024_Cao_Feature_Enhanced_Probabilistic_EV_Load,model,LSTM
2024_Cao_Feature_Enhanced_Probabilistic_EV_Load,model,NBEATS
2024_Cao_Feature_Enhanced_Probabilistic_EV_Load,model,Persistence_Model
2024_Cao_Feature_Enhanced_Probabilistic_EV_Load,model,TCN
2024_Cao_Feature_Enhanced_Probabilistic_EV_Load,model,Temporal_Fusion_Transformer
2024_Cao_Feature_Enhanced_Probabilistic_EV_Load,model,Transformer
2024_Das_TiDE_Long_Term_Forecasting,dataset,ETT
2024_Das_TiDE_Long_Term_Forecasting,dataset,Electricity_ECL
2024_Das_TiDE_Long_Term_Forecasting,dataset,M5_Dataset
2024_Das_TiDE_Long_Term_Forecasting,dataset,Traffic
2024_Das_TiDE_Long_Term_Forecasting,dataset,Weather_Dataset
2024_Das_TiDE_Long_Term_Forecasting,feature,Dynamic_Covariates
2024_Das_TiDE_Long_Term_Forecasting,feature,Lookback_Window
2024_Das_TiDE_Long_Term_Forecasting,feature,Static_Attributes
2024_Das_TiDE_Long_Term_Forecasting,feature,Time_Derived_Features
2024_Das_TiDE_Long_Term_Forecasting,metric,MAE
2024_Das_TiDE_Long_Term_Forecasting,metric,MSE
2024_Das_TiDE_Long_Term_Forecasting,model,Autoformer
2024_Das_TiDE_Long_Term_Forecasting,model,DLinear
2024_Das_TiDE_Long_Term_Forecasting,model,DeepAR
2024_Das_TiDE_Long_Term_Forecasting,model,FEDformer
2024_Das_TiDE_Long_Term_Forecasting,model,Informer
2024_Das_TiDE_Long_Term_Forecasting,model,LSTM
2024_Das_TiDE_Long_Term_Forecasting,model,LogTrans
2024_Das_TiDE_Long_Term_Forecasting,model,NHiTS
2024_Das_TiDE_Long_Term_Forecasting,model,PatchTST
2024_Das_TiDE_Long_Term_Forecasting,model,Pyraformer
2024_Das_TiDE_Long_Term_Forecasting,model,S4
2024_Das_TiDE_Long_Term_Forecasting,model,TiDE
2024_DeVilmarest_Adaptive_Probabilistic_Netload,dataset,GB_Regional_Netload
2024_DeVilmarest_Adaptive_Probabilistic_Netload,dataset,US_City_Daily_Load_COVID
2024_DeVilmarest_Adaptive_Probabilistic_Netload,feature,Calendar_Features
2024_DeVilmarest_Adaptive_Probabilistic_Netload,feature,Embedded_Generation_Capacity
2024_DeVilmarest_Adaptive_Probabilistic_Netload,feature,Historical_Load
2024_DeVilmarest_Adaptive_Probabilistic_Netload,feature,Holiday_Flag
2024_DeVilmarest_Adaptive_Probabilistic_Netload,feature,Humidity
2024_DeVilmarest_Adaptive_Probabilistic_Netload,feature,Precipitation
2024_DeVilmarest_Adaptive_Probabilistic_Netload,feature,Solar_Radiation
2024_DeVilmarest_Adaptive_Probabilistic_Netload,feature,Temperature_Forecast
2024_DeVilmarest_Adaptive_Probabilistic_Netload,feature,Time_of_Year
2024_DeVilmarest_Adaptive_Probabilistic_Netload,feature,Wind_Speed
2024_DeVilmarest_Adaptive_Probabilistic_Netload,metric,CRPS
2024_DeVilmarest_Adaptive_Probabilistic_Netload,metric,MAE
2024_DeVilmarest_Adaptive_Probabilistic_Netload,metric,NMAE
2024_DeVilmarest_Adaptive_Probabilistic_Netload,metric,NRMSE
2024_DeVilmarest_Adaptive_Probabilistic_Netload,metric,Pinball_Loss
2024_DeVilmarest_Adaptive_Probabilistic_Netload,metric,RMSE
2024_DeVilmarest_Adaptive_Probabilistic_Netload,metric,RPS
2024_DeVilmarest_Adaptive_Probabilistic_Netload,model,GAM
2024_DeVilmarest_Adaptive_Probabilistic_Netload,model,Kalman_Filter
2024_DeVilmarest_Adaptive_Probabilistic_Netload,model,Quantile_Regression
2024_Feng_LSTM_Transformer_EV_Consumption,dataset,GBT_32960_Telemetry_Dataset
2024_Feng_LSTM_Transformer_EV_Consumption,feature,Acceleration_Ratios
2024_Feng_LSTM_Transformer_EV_Consumption,feature,Cruise_Time_Ratio
2024_Feng_LSTM_Transformer_EV_Consumption,feature,Driver_Style
2024_Feng_LSTM_Transformer_EV_Consumption,feature,Driving_Condition_Clusters
2024_Feng_LSTM_Transformer_EV_Consumption,feature,State_of_Charge
2024_Feng_LSTM_Transformer_EV_Consumption,feature,Temperature
2024_Feng_LSTM_Transformer_EV_Consumption,feature,Vehicle_Speed_Features
2024_Feng_LSTM_Transformer_EV_Consumption,feature,Visibility
2024_Feng_LSTM_Transformer_EV_Consumption,feature,Wind_Speed
2024_Feng_LSTM_Transformer_EV_Consumption,metric,MAE
2024_Feng_LSTM_Transformer_EV_Consumption,metric,MAPE
2024_Feng_LSTM_Transformer_EV_Consumption,metric,RMSE
2024_Feng_LSTM_Transformer_EV_Consumption,model,KMeans_Clustering
2024_Feng_LSTM_Transformer_EV_Consumption,model,LSTM
2024_Feng_LSTM_Transformer_EV_Consumption,model,LSTM_Transformer
2024_Feng_LSTM_Transformer_EV_Consumption,model,Linear_Regression
2024_Feng_LSTM_Transformer_EV_Consumption,model,Transformer
2024_He_Robust_MTS_Transitional_Shift,dataset,ETT
2024_He_Robust_MTS_Transitional_Shift,dataset,Electricity_ECL
2024_He_Robust_MTS_Transitional_Shift,dataset,Exchange
2024_He_Robust_MTS_Transitional_Shift,dataset,ILI
2024_He_Robust_MTS_Transitional_Shift,dataset,Traffic
2024_He_Robust_MTS_Transitional_Shift,feature,Multivariate_Time_Series
2024_He_Robust_MTS_Transitional_Shift,feature,Temporal_Order_Features
2024_He_Robust_MTS_Transitional_Shift,metric,MAE
2024_He_Robust_MTS_Transitional_Shift,metric,MSE
2024_He_Robust_MTS_Transitional_Shift,model,JointPGM
2024_Helmy_Autoformer_EV_Charging,dataset,Boulder_Colorado
2024_Helmy_Autoformer_EV_Charging,feature,Calendar_Features
2024_Helmy_Autoformer_EV_Charging,feature,EV_Charging_Demand
2024_Helmy_Autoformer_EV_Charging,metric,MAE
2024_Helmy_Autoformer_EV_Charging,metric,MAPE
2024_Helmy_Autoformer_EV_Charging,metric,RMSE
2024_Helmy_Autoformer_EV_Charging,model,Autoformer
2024_Helmy_Autoformer_EV_Charging,model,LSTM
2024_Huo_Data_Driven_EVCS_Demand_Forecasting,dataset,Caltech_ACN
2024_Huo_Data_Driven_EVCS_Demand_Forecasting,feature,Historical_Load
2024_Huo_Data_Driven_EVCS_Demand_Forecasting,metric,MAE
2024_Huo_Data_Driven_EVCS_Demand_Forecasting,metric,RMSE
2024_Huo_Data_Driven_EVCS_Demand_Forecasting,metric,R_squared
2024_Huo_Data_Driven_EVCS_Demand_Forecasting,model,MLP
2024_Huo_Data_Driven_EVCS_Demand_Forecasting,model,SVR
2024_Huo_Data_Driven_EVCS_Demand_Forecasting,model,XGBoost
2024_Ke_Divide_Conquer_Transformer_EV,dataset,Pecan_Street
2024_Ke_Divide_Conquer_Transformer_EV,feature,EV_Charging_Label
2024_Ke_Divide_Conquer_Transformer_EV,feature,Electricity_Usage
2024_Ke_Divide_Conquer_Transformer_EV,feature,Smart_Meter_Load
2024_Ke_Divide_Conquer_Transformer_EV,metric,AUC
2024_Ke_Divide_Conquer_Transformer_EV,metric,Accuracy
2024_Ke_Divide_Conquer_Transformer_EV,metric,Average_Precision
2024_Ke_Divide_Conquer_Transformer_EV,metric,F1_Score
2024_Ke_Divide_Conquer_Transformer_EV,metric,MSE
2024_Ke_Divide_Conquer_Transformer_EV,metric,Precision
2024_Ke_Divide_Conquer_Transformer_EV,metric,Recall
2024_Ke_Divide_Conquer_Transformer_EV,model,ANN
2024_Ke_Divide_Conquer_Transformer_EV,model,DCT-EV
2024_Ke_Divide_Conquer_Transformer_EV,model,LSTM
2024_Ke_Divide_Conquer_Transformer_EV,model,Random_Forest
2024_Ke_Divide_Conquer_Transformer_EV,model,Transformer
2024_Ke_Divide_Conquer_Transformer_EV,model,XGBoost
2024_Li_DiffPLF_Conditional_Diffusion_EV,dataset,Palo_Alto_EV
2024_Li_DiffPLF_Conditional_Diffusion_EV,dataset,Weather
2024_Li_DiffPLF_Conditional_Diffusion_EV,feature,Calendar_Features
2024_Li_DiffPLF_Conditional_Diffusion_EV,feature,EV_Number
2024_Li_DiffPLF_Conditional_Diffusion_EV,feature,Historical_Load
2024_Li_DiffPLF_Conditional_Diffusion_EV,feature,Humidity
2024_Li_DiffPLF_Conditional_Diffusion_EV,feature,Temperature_Forecast
2024_Li_DiffPLF_Conditional_Diffusion_EV,metric,CRPS
2024_Li_DiffPLF_Conditional_Diffusion_EV,metric,MAE
2024_Li_DiffPLF_Conditional_Diffusion_EV,model,CSDI
2024_Li_DiffPLF_Conditional_Diffusion_EV,model,DDPM
2024_Li_DiffPLF_Conditional_Diffusion_EV,model,DiffPLF
2024_Li_DiffPLF_Conditional_Diffusion_EV,model,LSTM
2024_Li_DiffPLF_Conditional_Diffusion_EV,model,Quantile_Regression
2024_Li_DiffPLF_Conditional_Diffusion_EV,model,TimeGrad
2024_Li_TOU_Price_Meteorology_EV_Charging_Load,dataset,Jining_Mall_EV_Charging_Station
2024_Li_TOU_Price_Meteorology_EV_Charging_Load,feature,Cyclical_Encodings
2024_Li_TOU_Price_Meteorology_EV_Charging_Load,feature,Electricity_Tariff
2024_Li_TOU_Price_Meteorology_EV_Charging_Load,feature,Historical_Load
2024_Li_TOU_Price_Meteorology_EV_Charging_Load,feature,Weather_Traffic
2024_Li_TOU_Price_Meteorology_EV_Charging_Load,metric,MAE
2024_Li_TOU_Price_Meteorology_EV_Charging_Load,metric,RMSE
2024_Li_TOU_Price_Meteorology_EV_Charging_Load,model,CNN
2024_Li_TOU_Price_Meteorology_EV_Charging_Load,model,GRU
2024_Li_TOU_Price_Meteorology_EV_Charging_Load,model,LSTM
2024_Li_TOU_Price_Meteorology_EV_Charging_Load,model,MLP
2024_Liang_BiMamba_Bidirectional_Mamba_Forecasting,dataset,ETT
2024_Liang_BiMamba_Bidirectional_Mamba_Forecasting,dataset,Electricity_ECL
2024_Liang_BiMamba_Bidirectional_Mamba_Forecasting,dataset,Solar_Dataset
2024_Liang_BiMamba_Bidirectional_Mamba_Forecasting,dataset,Traffic
2024_Liang_BiMamba_Bidirectional_Mamba_Forecasting,dataset,Weather_Dataset
2024_Liang_BiMamba_Bidirectional_Mamba_Forecasting,feature,Historical_Load
2024_Liang_BiMamba_Bidirectional_Mamba_Forecasting,metric,MAE
2024_Liang_BiMamba_Bidirectional_Mamba_Forecasting,metric,MSE
2024_Liang_BiMamba_Bidirectional_Mamba_Forecasting,model,Bi-Mamba+
2024_Liang_BiMamba_Bidirectional_Mamba_Forecasting,model,Mamba_SSM
2024_Liu_KAN_Kolmogorov_Arnold_Networks,dataset,Anderson_Localization_Synthetic_Data
2024_Liu_KAN_Kolmogorov_Arnold_Networks,dataset,Feynman_Dataset
2024_Liu_KAN_Kolmogorov_Arnold_Networks,dataset,Knot_Theory_Dataset
2024_Liu_KAN_Kolmogorov_Arnold_Networks,dataset,Special_Functions_Dataset
2024_Liu_KAN_Kolmogorov_Arnold_Networks,dataset,Toy_Synthetic_Functions
2024_Liu_KAN_Kolmogorov_Arnold_Networks,feature,B-Spline_Basis_Functions
2024_Liu_KAN_Kolmogorov_Arnold_Networks,feature,Learnable_Edge_Activations
2024_Liu_KAN_Kolmogorov_Arnold_Networks,feature,Silu_Basis_Function
2024_Liu_KAN_Kolmogorov_Arnold_Networks,metric,Accuracy
2024_Liu_KAN_Kolmogorov_Arnold_Networks,metric,H1_Error
2024_Liu_KAN_Kolmogorov_Arnold_Networks,metric,L2_Error
2024_Liu_KAN_Kolmogorov_Arnold_Networks,metric,MSE
2024_Liu_KAN_Kolmogorov_Arnold_Networks,metric,RMSE
2024_Liu_KAN_Kolmogorov_Arnold_Networks,model,KAN
2024_Liu_KAN_Kolmogorov_Arnold_Networks,model,LAN
2024_Liu_KAN_Kolmogorov_Arnold_Networks,model,MLP
2024_Liu_iTransformer_Inverted_Transformers_Effective_Time_Series,dataset,ETT
2024_Liu_iTransformer_Inverted_Transformers_Effective_Time_Series,dataset,Electricity_ECL
2024_Liu_iTransformer_Inverted_Transformers_Effective_Time_Series,dataset,Exchange
2024_Liu_iTransformer_Inverted_Transformers_Effective_Time_Series,dataset,Market_Alipay
2024_Liu_iTransformer_Inverted_Transformers_Effective_Time_Series,dataset,Solar_Energy
2024_Liu_iTransformer_Inverted_Transformers_Effective_Time_Series,dataset,Traffic
2024_Liu_iTransformer_Inverted_Transformers_Effective_Time_Series,dataset,Weather
2024_Liu_iTransformer_Inverted_Transformers_Effective_Time_Series,feature,Feed_Forward_Temporal_MLP
2024_Liu_iTransformer_Inverted_Transformers_Effective_Time_Series,feature,Multivariate_Correlation_Map
2024_Liu_iTransformer_Inverted_Transformers_Effective_Time_Series,feature,Series_Representations
2024_Liu_iTransformer_Inverted_Transformers_Effective_Time_Series,feature,Transformer
2024_Liu_iTransformer_Inverted_Transformers_Effective_Time_Series,feature,Variate_Tokens
2024_Liu_iTransformer_Inverted_Transformers_Effective_Time_Series,metric,CKA_Similarity
2024_Liu_iTransformer_Inverted_Transformers_Effective_Time_Series,metric,MAE
2024_Liu_iTransformer_Inverted_Transformers_Effective_Time_Series,metric,MSE
2024_Liu_iTransformer_Inverted_Transformers_Effective_Time_Series,model,Crossformer
2024_Liu_iTransformer_Inverted_Transformers_Effective_Time_Series,model,DLinear
2024_Liu_iTransformer_Inverted_Transformers_Effective_Time_Series,model,FEDformer
2024_Liu_iTransformer_Inverted_Transformers_Effective_Time_Series,model,FlashAttention
2024_Liu_iTransformer_Inverted_Transformers_Effective_Time_Series,model,Flowformer
2024_Liu_iTransformer_Inverted_Transformers_Effective_Time_Series,model,Informer
2024_Liu_iTransformer_Inverted_Transformers_Effective_Time_Series,model,PatchTST
2024_Liu_iTransformer_Inverted_Transformers_Effective_Time_Series,model,Reformer
2024_Liu_iTransformer_Inverted_Transformers_Effective_Time_Series,model,SCINet
2024_Liu_iTransformer_Inverted_Transformers_Effective_Time_Series,model,Stationary_Transformer
2024_Liu_iTransformer_Inverted_Transformers_Effective_Time_Series,model,TiDE
2024_Liu_iTransformer_Inverted_Transformers_Effective_Time_Series,model,TimesNet
2024_Liu_iTransformer_Inverted_Transformers_Effective_Time_Series,model,Transformer
2024_Liu_iTransformer_Inverted_Transformers_Effective_Time_Series,model,iTransformer
2024_Ma_LASSO_BPNN_Mid_Term_EV_Load,dataset,Qingpu_State_Grid_EV_Stations
2024_Ma_LASSO_BPNN_Mid_Term_EV_Load,dataset,Shanghai_Qingpu_Statistics_Bureau
2024_Ma_LASSO_BPNN_Mid_Term_EV_Load,feature,Economic_Indicators
2024_Ma_LASSO_BPNN_Mid_Term_EV_Load,feature,Historical_Load
2024_Ma_LASSO_BPNN_Mid_Term_EV_Load,feature,Social_Indicators
2024_Ma_LASSO_BPNN_Mid_Term_EV_Load,feature,Weather_Traffic
2024_Ma_LASSO_BPNN_Mid_Term_EV_Load,metric,MAPE
2024_Ma_LASSO_BPNN_Mid_Term_EV_Load,metric,RMSE
2024_Ma_LASSO_BPNN_Mid_Term_EV_Load,model,MLP
2024_Ma_LASSO_BPNN_Mid_Term_EV_Load,model,Random_Forest
2024_Ma_LASSO_BPNN_Mid_Term_EV_Load,model,SVR
2024_Ma_LASSO_BPNN_Mid_Term_EV_Load,model,XGBoost
2024_Menati_PowerMamba_Power_Systems_SSM,feature,Historical_Load
2024_Menati_PowerMamba_Power_Systems_SSM,metric,MAE
2024_Menati_PowerMamba_Power_Systems_SSM,metric,MSE
2024_Menati_PowerMamba_Power_Systems_SSM,model,Autoformer
2024_Menati_PowerMamba_Power_Systems_SSM,model,DLinear
2024_Menati_PowerMamba_Power_Systems_SSM,model,Mamba_SSM
2024_Menati_PowerMamba_Power_Systems_SSM,model,PatchTST
2024_Menati_PowerMamba_Power_Systems_SSM,model,PowerMamba
2024_Menati_PowerMamba_Power_Systems_SSM,model,RevIN
2024_Menati_PowerMamba_Power_Systems_SSM,model,TimesNet
2024_Menati_PowerMamba_Power_Systems_SSM,model,iTransformer
2024_Qu_Forwardformer_Day_Ahead_Load,dataset,AEL_CNYS_America_Electric_Load
2024_Qu_Forwardformer_Day_Ahead_Load,dataset,AEL_NNYS_America_Electric_Load
2024_Qu_Forwardformer_Day_Ahead_Load,dataset,AEL_WNYS_America_Electric_Load
2024_Qu_Forwardformer_Day_Ahead_Load,dataset,CEL_NW_China_Electric_Load
2024_Qu_Forwardformer_Day_Ahead_Load,dataset,CEL_SE_China_Electric_Load
2024_Qu_Forwardformer_Day_Ahead_Load,feature,Calendar_Features
2024_Qu_Forwardformer_Day_Ahead_Load,feature,Historical_Load
2024_Qu_Forwardformer_Day_Ahead_Load,feature,Holiday_Flag
2024_Qu_Forwardformer_Day_Ahead_Load,feature,Humidity
2024_Qu_Forwardformer_Day_Ahead_Load,feature,Pressure
2024_Qu_Forwardformer_Day_Ahead_Load,feature,Rainfall
2024_Qu_Forwardformer_Day_Ahead_Load,feature,Temperature
2024_Qu_Forwardformer_Day_Ahead_Load,metric,Accuracy
2024_Qu_Forwardformer_Day_Ahead_Load,metric,MAE
2024_Qu_Forwardformer_Day_Ahead_Load,metric,MSE
2024_Qu_Forwardformer_Day_Ahead_Load,model,Autoformer
2024_Qu_Forwardformer_Day_Ahead_Load,model,FEDformer
2024_Qu_Forwardformer_Day_Ahead_Load,model,Informer
2024_Qu_Forwardformer_Day_Ahead_Load,model,LSTMa
2024_Qu_Forwardformer_Day_Ahead_Load,model,LogTrans
2024_Qu_Forwardformer_Day_Ahead_Load,model,Prophet
2024_Qu_Forwardformer_Day_Ahead_Load,model,SARIMA
2024_Qu_Forwardformer_Day_Ahead_Load,model,Transformer
2024_Qu_Physics_Informed_GAT_EV_Load,dataset,Shenzhen_ST_EVCDP
2024_Qu_Physics_Informed_GAT_EV_Load,feature,Charging_Price
2024_Qu_Physics_Informed_GAT_EV_Load,feature,Price_Elasticity_of_Demand
2024_Qu_Physics_Informed_GAT_EV_Load,feature,Spatial_Spillover
2024_Qu_Physics_Informed_GAT_EV_Load,feature,Station_Occupancy
2024_Qu_Physics_Informed_GAT_EV_Load,metric,MAE
2024_Qu_Physics_Informed_GAT_EV_Load,metric,MAPE
2024_Qu_Physics_Informed_GAT_EV_Load,metric,RAE
2024_Qu_Physics_Informed_GAT_EV_Load,metric,RMSE
2024_Qu_Physics_Informed_GAT_EV_Load,model,AST-GAT
2024_Qu_Physics_Informed_GAT_EV_Load,model,DCRNN
2024_Qu_Physics_Informed_GAT_EV_Load,model,FourierGNN
2024_Qu_Physics_Informed_GAT_EV_Load,model,GAT
2024_Qu_Physics_Informed_GAT_EV_Load,model,GCN
2024_Qu_Physics_Informed_GAT_EV_Load,model,LSTM
2024_Qu_Physics_Informed_GAT_EV_Load,model,Lasso
2024_Qu_Physics_Informed_GAT_EV_Load,model,PAG
2024_Qu_Physics_Informed_GAT_EV_Load,model,PIML
2024_Qu_Physics_Informed_GAT_EV_Load,model,STGCN
2024_Qu_Physics_Informed_GAT_EV_Load,model,TPA-LSTM
2024_Qu_Physics_Informed_GAT_EV_Load,model,VAR
2024_Shi_Attention_Spatiotemporal_MultiGraph_EV_Load,dataset,Beijing_Fast_Charging
2024_Shi_Attention_Spatiotemporal_MultiGraph_EV_Load,feature,Distance_Graph
2024_Shi_Attention_Spatiotemporal_MultiGraph_EV_Load,feature,Electricity_Tariff
2024_Shi_Attention_Spatiotemporal_MultiGraph_EV_Load,feature,Historical_Load
2024_Shi_Attention_Spatiotemporal_MultiGraph_EV_Load,feature,Humidity
2024_Shi_Attention_Spatiotemporal_MultiGraph_EV_Load,feature,Similarity_Graph
2024_Shi_Attention_Spatiotemporal_MultiGraph_EV_Load,feature,Temperature
2024_Shi_Attention_Spatiotemporal_MultiGraph_EV_Load,feature,Wind_Speed
2024_Shi_Attention_Spatiotemporal_MultiGraph_EV_Load,metric,MAE
2024_Shi_Attention_Spatiotemporal_MultiGraph_EV_Load,metric,MAPE
2024_Shi_Attention_Spatiotemporal_MultiGraph_EV_Load,metric,MSE
2024_Shi_Attention_Spatiotemporal_MultiGraph_EV_Load,metric,RMSE
2024_Shi_Attention_Spatiotemporal_MultiGraph_EV_Load,model,ARIMA
2024_Shi_Attention_Spatiotemporal_MultiGraph_EV_Load,model,CNN_LSTM
2024_Shi_Attention_Spatiotemporal_MultiGraph_EV_Load,model,Chebyshev_Graph_Convolution
2024_Shi_Attention_Spatiotemporal_MultiGraph_EV_Load,model,GCN
2024_Shi_Attention_Spatiotemporal_MultiGraph_EV_Load,model,GRU
2024_Shi_Attention_Spatiotemporal_MultiGraph_EV_Load,model,Graph_WaveNet
2024_Shi_Attention_Spatiotemporal_MultiGraph_EV_Load,model,LSTM
2024_Shi_Attention_Spatiotemporal_MultiGraph_EV_Load,model,STGCN
2024_Shi_Attention_Spatiotemporal_MultiGraph_EV_Load,model,STMGCN
2024_Shi_Attention_Spatiotemporal_MultiGraph_EV_Load,model,T-GCN
2024_Shi_Attention_Spatiotemporal_MultiGraph_EV_Load,model,TCN
2024_Shi_Naihao_Prediction_Interval_EV_Loads,dataset,Real_World_EV_DC_Charging
2024_Shi_Naihao_Prediction_Interval_EV_Loads,dataset,US_Utility_Feeder_Residential_Load
2024_Shi_Naihao_Prediction_Interval_EV_Loads,feature,Calendar_Features
2024_Shi_Naihao_Prediction_Interval_EV_Loads,feature,Charging_Habit_Probability
2024_Shi_Naihao_Prediction_Interval_EV_Loads,feature,Historical_Load
2024_Shi_Naihao_Prediction_Interval_EV_Loads,feature,Weather_Traffic
2024_Shi_Naihao_Prediction_Interval_EV_Loads,metric,CLC
2024_Shi_Naihao_Prediction_Interval_EV_Loads,metric,MAPE
2024_Shi_Naihao_Prediction_Interval_EV_Loads,metric,NMPIL
2024_Shi_Naihao_Prediction_Interval_EV_Loads,metric,PICP
2024_Shi_Naihao_Prediction_Interval_EV_Loads,metric,RMSE
2024_Shi_Naihao_Prediction_Interval_EV_Loads,model,Gaussian_Process_Regression
2024_Shi_Naihao_Prediction_Interval_EV_Loads,model,Kernel_Density_Estimation
2024_Xu_Day_Ahead_EVCB_EVSC_Parking_Lot,dataset,NMMV_Platform_Data
2024_Xu_Day_Ahead_EVCB_EVSC_Parking_Lot,dataset,PJM_Day_Ahead_Tariff
2024_Xu_Day_Ahead_EVCB_EVSC_Parking_Lot,dataset,Suzhou_EVPL_Dataset
2024_Xu_Day_Ahead_EVCB_EVSC_Parking_Lot,feature,Access_Duration
2024_Xu_Day_Ahead_EVCB_EVSC_Parking_Lot,feature,Calendar_Features
2024_Xu_Day_Ahead_EVCB_EVSC_Parking_Lot,feature,EV_Access_Time
2024_Xu_Day_Ahead_EVCB_EVSC_Parking_Lot,feature,Holiday_Flag
2024_Xu_Day_Ahead_EVCB_EVSC_Parking_Lot,feature,Recent_Access_Pattern
2024_Xu_Day_Ahead_EVCB_EVSC_Parking_Lot,feature,State_of_Charge
2024_Xu_Day_Ahead_EVCB_EVSC_Parking_Lot,feature,Temperature
2024_Xu_Day_Ahead_EVCB_EVSC_Parking_Lot,feature,Weather_Conditions
2024_Xu_Day_Ahead_EVCB_EVSC_Parking_Lot,model,EVSFD
2024_Xu_Day_Ahead_EVCB_EVSC_Parking_Lot,model,KMeans_Clustering
2024_Zhong_V2G_SVE_Evaluation_Metric,dataset,Ausgrid_Zone_Substation_Dataset
2024_Zhong_V2G_SVE_Evaluation_Metric,feature,Arrival_Departure_Time
2024_Zhong_V2G_SVE_Evaluation_Metric,feature,Base_Electrical_Load
2024_Zhong_V2G_SVE_Evaluation_Metric,feature,Battery_Capacity
2024_Zhong_V2G_SVE_Evaluation_Metric,feature,Calendar_Features
2024_Zhong_V2G_SVE_Evaluation_Metric,feature,Historical_Load
2024_Zhong_V2G_SVE_Evaluation_Metric,feature,State_of_Charge
2024_Zhong_V2G_SVE_Evaluation_Metric,metric,MAE
2024_Zhong_V2G_SVE_Evaluation_Metric,metric,MAPE
2024_Zhong_V2G_SVE_Evaluation_Metric,metric,Pearson_Correlation_Coefficient
2024_Zhong_V2G_SVE_Evaluation_Metric,metric,RMSE
2024_Zhong_V2G_SVE_Evaluation_Metric,metric,V2G-SVE
2024_Zhong_V2G_SVE_Evaluation_Metric,model,Aggregate_EV_Fleet_Model
2024_Zhong_V2G_SVE_Evaluation_Metric,model,MLP
2024_Zhong_V2G_SVE_Evaluation_Metric,model,V2G-SVE
2024_Zhou_Conformal_Prediction_DER,dataset,Indianapolis_DER_Adoption_Dataset
2024_Zhou_Conformal_Prediction_DER,feature,Education_Level
2024_Zhou_Conformal_Prediction_DER,feature,Electricity_Tariff
2024_Zhou_Conformal_Prediction_DER,feature,Feeder_Electrical_Load
2024_Zhou_Conformal_Prediction_DER,feature,Historical_Installation_Events
2024_Zhou_Conformal_Prediction_DER,feature,Median_Household_Income
2024_Zhou_Conformal_Prediction_DER,feature,SAIDI_Outages
2024_Zhou_Conformal_Prediction_DER,feature,Solar_Potential_Sunroof
2024_Zhou_Conformal_Prediction_DER,metric,Interval_Size
2024_Zhou_Conformal_Prediction_DER,metric,MAE
2024_Zhou_Conformal_Prediction_DER,metric,PICP
2024_Zhou_Conformal_Prediction_DER,model,Gaussian_Process_Regression
2024_Zhou_Conformal_Prediction_DER,model,HPCP
2024_Zhou_Conformal_Prediction_DER,model,LSTM
2024_Zhou_Conformal_Prediction_DER,model,Multivariate_Hawkes_Process
2024_Zhou_Conformal_Prediction_DER,model,Quantile_Regression
2024_Zhou_Conformal_Prediction_DER,model,RNN
2024_Zhou_Conformal_Prediction_DER,model,VAR
2025_Alghamdi_REST_Network_Port_EV,dataset,Dallas_Port_EV
2025_Alghamdi_REST_Network_Port_EV,dataset,EV_Intelligent_Port_Logistics_Dataset
2025_Alghamdi_REST_Network_Port_EV,feature,Battery_Capacity
2025_Alghamdi_REST_Network_Port_EV,feature,Calendar_Features
2025_Alghamdi_REST_Network_Port_EV,feature,Charging_Duration
2025_Alghamdi_REST_Network_Port_EV,feature,Connector_Power_Rating
2025_Alghamdi_REST_Network_Port_EV,feature,Cyclical_Encodings
2025_Alghamdi_REST_Network_Port_EV,feature,Electricity_Tariff
2025_Alghamdi_REST_Network_Port_EV,feature,Fleet_Size
2025_Alghamdi_REST_Network_Port_EV,feature,Grid_Demand
2025_Alghamdi_REST_Network_Port_EV,feature,Historical_Load
2025_Alghamdi_REST_Network_Port_EV,feature,Hourly_Demand_Variation
2025_Alghamdi_REST_Network_Port_EV,feature,Weather
2025_Alghamdi_REST_Network_Port_EV,metric,CPE
2025_Alghamdi_REST_Network_Port_EV,metric,EEE
2025_Alghamdi_REST_Network_Port_EV,metric,LVD
2025_Alghamdi_REST_Network_Port_EV,metric,MAE
2025_Alghamdi_REST_Network_Port_EV,metric,MAPE
2025_Alghamdi_REST_Network_Port_EV,metric,RMSE
2025_Alghamdi_REST_Network_Port_EV,metric,R_squared
2025_Alghamdi_REST_Network_Port_EV,metric,TAA
2025_Alghamdi_REST_Network_Port_EV,model,CNN
2025_Alghamdi_REST_Network_Port_EV,model,DeepSigRNet
2025_Alghamdi_REST_Network_Port_EV,model,RESTNet
2025_Alghamdi_REST_Network_Port_EV,model,Random_Forest
2025_Alghamdi_REST_Network_Port_EV,model,ResNet
2025_Alghamdi_REST_Network_Port_EV,model,SENet
2025_Alghamdi_REST_Network_Port_EV,model,SVR
2025_Alghamdi_REST_Network_Port_EV,model,Transformer
2025_Alghamdi_REST_Network_Port_EV,model,VGGNet
2025_Bao_ResMMoT_Informer_Time_Series,dataset,Cryptocurrency_Dataset
2025_Bao_ResMMoT_Informer_Time_Series,dataset,Forex_Dataset
2025_Bao_ResMMoT_Informer_Time_Series,dataset,NASDAQ100_Stock_Price_Dataset
2025_Bao_ResMMoT_Informer_Time_Series,feature,Cyclical_Encodings
2025_Bao_ResMMoT_Informer_Time_Series,feature,Positional_Encoding
2025_Bao_ResMMoT_Informer_Time_Series,feature,TCN
2025_Bao_ResMMoT_Informer_Time_Series,feature,Top_K_Gating_Routing
2025_Bao_ResMMoT_Informer_Time_Series,feature,Wavelet_Decomposition
2025_Bao_ResMMoT_Informer_Time_Series,metric,MAE
2025_Bao_ResMMoT_Informer_Time_Series,metric,RMSE
2025_Bao_ResMMoT_Informer_Time_Series,metric,R_squared
2025_Bao_ResMMoT_Informer_Time_Series,model,Informer
2025_Bao_ResMMoT_Informer_Time_Series,model,LSTM
2025_Bao_ResMMoT_Informer_Time_Series,model,ResMMoT_Informer
2025_Bao_ResMMoT_Informer_Time_Series,model,Sparse_Mixture_of_Experts
2025_Bao_ResMMoT_Informer_Time_Series,model,TCN
2025_Fan_EV_STLLM_Spatio_Temporal_LLM,dataset,Shenzhen_ST_EVCDP
2025_Fan_EV_STLLM_Spatio_Temporal_LLM,dataset,UrbanEV_Dataset
2025_Fan_EV_STLLM_Spatio_Temporal_LLM,feature,Charging_Volume
2025_Fan_EV_STLLM_Spatio_Temporal_LLM,feature,Electricity_Tariff
2025_Fan_EV_STLLM_Spatio_Temporal_LLM,feature,Holiday_Flag
2025_Fan_EV_STLLM_Spatio_Temporal_LLM,feature,Spatio_Temporal_Frequency_Embeddings
2025_Fan_EV_STLLM_Spatio_Temporal_LLM,feature,Station_Occupancy
2025_Fan_EV_STLLM_Spatio_Temporal_LLM,feature,Weather
2025_Fan_EV_STLLM_Spatio_Temporal_LLM,metric,MAE
2025_Fan_EV_STLLM_Spatio_Temporal_LLM,metric,MAPE
2025_Fan_EV_STLLM_Spatio_Temporal_LLM,metric,RMSE
2025_Fan_EV_STLLM_Spatio_Temporal_LLM,model,EV-STLLM
2025_Fan_EV_STLLM_Spatio_Temporal_LLM,model,FIG
2025_Fan_EV_STLLM_Spatio_Temporal_LLM,model,GCN
2025_Fan_EV_STLLM_Spatio_Temporal_LLM,model,GPT-2
2025_Fan_EV_STLLM_Spatio_Temporal_LLM,model,ICEEMDAN
2025_Fan_EV_STLLM_Spatio_Temporal_LLM,model,LSTM
2025_Fan_EV_STLLM_Spatio_Temporal_LLM,model,PFGA
2025_Fan_EV_STLLM_Spatio_Temporal_LLM,model,QLoRA
2025_Fan_EV_STLLM_Spatio_Temporal_LLM,model,ReliefF
2025_Fan_EV_STLLM_Spatio_Temporal_LLM,model,VMD
2025_FernandezZapico_Stochastic_MPC_Conformal_Hub,metric,PICP
2025_FernandezZapico_Stochastic_MPC_Conformal_Hub,model,EnbPI
2025_FernandezZapico_Stochastic_MPC_Conformal_Hub,model,Stochastic_MPC
2025_FernandezZapico_Stochastic_MPC_Conformal_Hub,model,XGBoost
2025_Han_Vertical_Federated_EGAT_LSTM,dataset,CTPS_IEEE33_7Node_TN
2025_Han_Vertical_Federated_EGAT_LSTM,dataset,CTPS_IEEE69_12Node_TN
2025_Han_Vertical_Federated_EGAT_LSTM,dataset,NYISO
2025_Han_Vertical_Federated_EGAT_LSTM,feature,Active_Power
2025_Han_Vertical_Federated_EGAT_LSTM,feature,Congestion_Rate
2025_Han_Vertical_Federated_EGAT_LSTM,feature,Electricity_Tariff
2025_Han_Vertical_Federated_EGAT_LSTM,feature,Line_Active_Power
2025_Han_Vertical_Federated_EGAT_LSTM,feature,Line_Reactive_Power
2025_Han_Vertical_Federated_EGAT_LSTM,feature,Node_Voltage
2025_Han_Vertical_Federated_EGAT_LSTM,feature,Reactive_Power
2025_Han_Vertical_Federated_EGAT_LSTM,feature,Traffic
2025_Han_Vertical_Federated_EGAT_LSTM,metric,MAE
2025_Han_Vertical_Federated_EGAT_LSTM,metric,MAPE
2025_Han_Vertical_Federated_EGAT_LSTM,metric,MSE
2025_Han_Vertical_Federated_EGAT_LSTM,metric,R_squared
2025_Han_Vertical_Federated_EGAT_LSTM,model,EGAT
2025_Han_Vertical_Federated_EGAT_LSTM,model,GAT
2025_Han_Vertical_Federated_EGAT_LSTM,model,GGNN
2025_Han_Vertical_Federated_EGAT_LSTM,model,LSTM
2025_Han_Vertical_Federated_EGAT_LSTM,model,Time_Aware_Attention
2025_Han_Vertical_Federated_EGAT_LSTM,model,V2AFedEGAT-LSTM
2025_Hussain_CAT_Former_Short_Term_EV,dataset,Boulder_Colorado
2025_Hussain_CAT_Former_Short_Term_EV,dataset,Weather
2025_Hussain_CAT_Former_Short_Term_EV,feature,Calendar_Features
2025_Hussain_CAT_Former_Short_Term_EV,feature,Contextual_Features
2025_Hussain_CAT_Former_Short_Term_EV,feature,Positional_Encoding
2025_Hussain_CAT_Former_Short_Term_EV,metric,MAE
2025_Hussain_CAT_Former_Short_Term_EV,metric,MSE
2025_Hussain_CAT_Former_Short_Term_EV,model,BiLSTM
2025_Hussain_CAT_Former_Short_Term_EV,model,CAT_Former
2025_Hussain_CAT_Former_Short_Term_EV,model,CNN_LSTM
2025_Hussain_CAT_Former_Short_Term_EV,model,Hybrid_Transformer
2025_Hussain_CAT_Former_Short_Term_EV,model,LSTM
2025_Hussain_CAT_Former_Short_Term_EV,model,Multi_Head_Attention
2025_Hussain_CAT_Former_Short_Term_EV,model,Transformer
2025_Hussain_Hybrid_LSTM_Transformer_Demand,dataset,Caltech_ACN
2025_Hussain_Hybrid_LSTM_Transformer_Demand,feature,Historical_EV_Charging_Energy
2025_Hussain_Hybrid_LSTM_Transformer_Demand,feature,Lookback_Window
2025_Hussain_Hybrid_LSTM_Transformer_Demand,metric,MAE
2025_Hussain_Hybrid_LSTM_Transformer_Demand,metric,MSE
2025_Hussain_Hybrid_LSTM_Transformer_Demand,model,LSTM
2025_Hussain_Hybrid_LSTM_Transformer_Demand,model,LSTM_Transformer
2025_Hussain_Hybrid_LSTM_Transformer_Demand,model,Transformer
2025_Khan_Transformer_BiLSTM_Price_Forecasting,dataset,MISO_Market_Dataset
2025_Khan_Transformer_BiLSTM_Price_Forecasting,dataset,NYISO
2025_Khan_Transformer_BiLSTM_Price_Forecasting,dataset,PJM_Energy_Market_Dataset
2025_Khan_Transformer_BiLSTM_Price_Forecasting,feature,Historical_Zonal_Price
2025_Khan_Transformer_BiLSTM_Price_Forecasting,feature,Lag_Features
2025_Khan_Transformer_BiLSTM_Price_Forecasting,feature,Positional_Encoding
2025_Khan_Transformer_BiLSTM_Price_Forecasting,metric,MAE
2025_Khan_Transformer_BiLSTM_Price_Forecasting,metric,MAPE
2025_Khan_Transformer_BiLSTM_Price_Forecasting,metric,RMSE
2025_Khan_Transformer_BiLSTM_Price_Forecasting,metric,R_squared
2025_Khan_Transformer_BiLSTM_Price_Forecasting,metric,sMAPE
2025_Khan_Transformer_BiLSTM_Price_Forecasting,model,BiLSTM
2025_Khan_Transformer_BiLSTM_Price_Forecasting,model,CNN
2025_Khan_Transformer_BiLSTM_Price_Forecasting,model,CNN_LSTM
2025_Khan_Transformer_BiLSTM_Price_Forecasting,model,GRU
2025_Khan_Transformer_BiLSTM_Price_Forecasting,model,LSTM
2025_Khan_Transformer_BiLSTM_Price_Forecasting,model,Transformer
2025_Khan_Transformer_BiLSTM_Price_Forecasting,model,Transformer_BiLSTM
2025_Khan_Transformer_BiLSTM_Price_Forecasting,model,XGBoost
2025_Li_DC_Charging_Profiles_TFT,dataset,NW_Europe_DCFC_Dataset
2025_Li_DC_Charging_Profiles_TFT,dataset,Weather
2025_Li_DC_Charging_Profiles_TFT,feature,Charging_Power
2025_Li_DC_Charging_Profiles_TFT,feature,Connector_Power_Rating
2025_Li_DC_Charging_Profiles_TFT,feature,Connector_Type
2025_Li_DC_Charging_Profiles_TFT,feature,Estimated_Battery_Capacity
2025_Li_DC_Charging_Profiles_TFT,feature,State_of_Charge
2025_Li_DC_Charging_Profiles_TFT,feature,State_of_Charge
2025_Li_DC_Charging_Profiles_TFT,feature,Temperature
2025_Li_DC_Charging_Profiles_TFT,metric,MAE
2025_Li_DC_Charging_Profiles_TFT,metric,MSE
2025_Li_DC_Charging_Profiles_TFT,metric,Pinball_Loss
2025_Li_DC_Charging_Profiles_TFT,metric,Relative_Accuracy
2025_Li_DC_Charging_Profiles_TFT,model,LSTM
2025_Li_DC_Charging_Profiles_TFT,model,Temporal_Fusion_Transformer
2025_Li_DC_Charging_Profiles_TFT,model,beta-VAE
2025_Li_Multi_View_Graph_Intrusion_Detection_EV,dataset,CICEVSE2024
2025_Li_Multi_View_Graph_Intrusion_Detection_EV,feature,Hardware_Performance_Counters
2025_Li_Multi_View_Graph_Intrusion_Detection_EV,feature,Kernel_Events
2025_Li_Multi_View_Graph_Intrusion_Detection_EV,feature,Microarchitecture_Events
2025_Li_Multi_View_Graph_Intrusion_Detection_EV,metric,F1_Score
2025_Li_Multi_View_Graph_Intrusion_Detection_EV,metric,Precision
2025_Li_Multi_View_Graph_Intrusion_Detection_EV,metric,Recall
2025_Li_Multi_View_Graph_Intrusion_Detection_EV,model,CNN
2025_Li_Multi_View_Graph_Intrusion_Detection_EV,model,DGI
2025_Li_Multi_View_Graph_Intrusion_Detection_EV,model,EdgeConv
2025_Li_Multi_View_Graph_Intrusion_Detection_EV,model,GAT
2025_Li_Multi_View_Graph_Intrusion_Detection_EV,model,GCN
2025_Li_Multi_View_Graph_Intrusion_Detection_EV,model,GNN
2025_Li_Multi_View_Graph_Intrusion_Detection_EV,model,GRACE
2025_Li_Multi_View_Graph_Intrusion_Detection_EV,model,LSTM
2025_Li_Multi_View_Graph_Intrusion_Detection_EV,model,MVGCRL
2025_Li_Multi_View_Graph_Intrusion_Detection_EV,model,MVGRL
2025_Li_Multi_View_Graph_Intrusion_Detection_EV,model,Mask_Attention_Graph_Transformer
2025_Matrone_QR_LSTM_Attention_EV_Load,dataset,SmoothEMS_Met_GridShield_ASR_Utrecht_Dataset
2025_Matrone_QR_LSTM_Attention_EV_Load,dataset,Weather
2025_Matrone_QR_LSTM_Attention_EV_Load,feature,Calendar_Features
2025_Matrone_QR_LSTM_Attention_EV_Load,feature,Global_Solar_Radiation
2025_Matrone_QR_LSTM_Attention_EV_Load,feature,Historical_Load
2025_Matrone_QR_LSTM_Attention_EV_Load,feature,Number_of_Active_Sessions
2025_Matrone_QR_LSTM_Attention_EV_Load,feature,Temperature
2025_Matrone_QR_LSTM_Attention_EV_Load,metric,CRPS
2025_Matrone_QR_LSTM_Attention_EV_Load,metric,PICP
2025_Matrone_QR_LSTM_Attention_EV_Load,metric,Pinball_Loss
2025_Matrone_QR_LSTM_Attention_EV_Load,model,LSTM
2025_Matrone_QR_LSTM_Attention_EV_Load,model,Persistence_Model
2025_Matrone_QR_LSTM_Attention_EV_Load,model,QR_LSTM_Attention
2025_Matrone_QR_LSTM_Attention_EV_Load,model,Quantile_Regression
2025_Matrone_QR_LSTM_Attention_EV_Load,model,Seq2Seq
2025_Meyer_Benchmark_Foundation_Models,dataset,IDEAL_Dataset
2025_Meyer_Benchmark_Foundation_Models,dataset,Lower_Saxony_Dataset
2025_Meyer_Benchmark_Foundation_Models,dataset,REFIT
2025_Meyer_Benchmark_Foundation_Models,dataset,Southern_Germany_Dataset
2025_Meyer_Benchmark_Foundation_Models,feature,Household_Electricity_Consumption
2025_Meyer_Benchmark_Foundation_Models,metric,APNE
2025_Meyer_Benchmark_Foundation_Models,metric,MAE
2025_Meyer_Benchmark_Foundation_Models,metric,MSE
2025_Meyer_Benchmark_Foundation_Models,model,Chronos
2025_Meyer_Benchmark_Foundation_Models,model,Chronos-Bolt
2025_Meyer_Benchmark_Foundation_Models,model,LagLlama
2025_Meyer_Benchmark_Foundation_Models,model,Moirai
2025_Meyer_Benchmark_Foundation_Models,model,PatchTST
2025_Meyer_Benchmark_Foundation_Models,model,SeasonalAverage
2025_Meyer_Benchmark_Foundation_Models,model,Sundial
2025_Meyer_Benchmark_Foundation_Models,model,Temporal_Fusion_Transformer
2025_Meyer_Benchmark_Foundation_Models,model,Time-MoE
2025_Meyer_Benchmark_Foundation_Models,model,TimesFM
2025_Meyer_Benchmark_Foundation_Models,model,TimesFM_2.0
2025_Meyer_Benchmark_Foundation_Models,model,Transformer
2025_Meyer_Benchmark_Foundation_Models,model,iTransformer
2025_Tian_MSSTGAN_City_EV_Load,dataset,Boulder_Colorado
2025_Tian_MSSTGAN_City_EV_Load,dataset,Dundee_EV
2025_Tian_MSSTGAN_City_EV_Load,dataset,Palo_Alto_EV
2025_Tian_MSSTGAN_City_EV_Load,dataset,Perth_EV
2025_Tian_MSSTGAN_City_EV_Load,feature,Calendar_Features
2025_Tian_MSSTGAN_City_EV_Load,feature,EV_Charging_Demand
2025_Tian_MSSTGAN_City_EV_Load,feature,Spatio_Temporal_Embedding
2025_Tian_MSSTGAN_City_EV_Load,metric,MAE
2025_Tian_MSSTGAN_City_EV_Load,metric,MAPE
2025_Tian_MSSTGAN_City_EV_Load,metric,RMSE
2025_Tian_MSSTGAN_City_EV_Load,model,Gated_Fusion
2025_Tian_MSSTGAN_City_EV_Load,model,Informer
2025_Tian_MSSTGAN_City_EV_Load,model,LDformer
2025_Tian_MSSTGAN_City_EV_Load,model,MSSTGAN
2025_Tian_MSSTGAN_City_EV_Load,model,Multi_Head_Attention
2025_Tian_MSSTGAN_City_EV_Load,model,Pyramid_Split_Attention
2025_Tian_MSSTGAN_City_EV_Load,model,ST-GAT
2025_Tian_MSSTGAN_City_EV_Load,model,STFGNN
2025_Tian_MSSTGAN_City_EV_Load,model,STSGCN
2025_Tian_MSSTGAN_City_EV_Load,model,T-GCN
2025_Tian_MSSTGAN_City_EV_Load,model,Transform_Attention
2025_Weqar_LTLM_LSTM_EV_Load,dataset,LA_Charging_Station_Dataset
2025_Weqar_LTLM_LSTM_EV_Load,feature,Daily_Weekly_Cycles
2025_Weqar_LTLM_LSTM_EV_Load,feature,Historical_Load
2025_Weqar_LTLM_LSTM_EV_Load,feature,Seasonal_Trends
2025_Weqar_LTLM_LSTM_EV_Load,model,LSTM
2025_Weqar_LTLM_LSTM_EV_Load,model,LTLM
2025_Wu_Meta_Learning_Physics_Informed_GACN_Power_System,dataset,1746_Node_Distribution_System
2025_Wu_Meta_Learning_Physics_Informed_GACN_Power_System,dataset,GEFCom2014
2025_Wu_Meta_Learning_Physics_Informed_GACN_Power_System,dataset,IEEE_118_Node_Distribution_System
2025_Wu_Meta_Learning_Physics_Informed_GACN_Power_System,dataset,IEEE_33_Node_Distribution_System
2025_Wu_Meta_Learning_Physics_Informed_GACN_Power_System,feature,Admittance_Matrix
2025_Wu_Meta_Learning_Physics_Informed_GACN_Power_System,feature,Line_Power_Flow
2025_Wu_Meta_Learning_Physics_Informed_GACN_Power_System,feature,Node_Voltage_Magnitude
2025_Wu_Meta_Learning_Physics_Informed_GACN_Power_System,feature,Power_Injection
2025_Wu_Meta_Learning_Physics_Informed_GACN_Power_System,feature,Voltage_Phase_Angle
2025_Wu_Meta_Learning_Physics_Informed_GACN_Power_System,metric,MAE
2025_Wu_Meta_Learning_Physics_Informed_GACN_Power_System,metric,MAPE
2025_Wu_Meta_Learning_Physics_Informed_GACN_Power_System,metric,RMSE
2025_Wu_Meta_Learning_Physics_Informed_GACN_Power_System,model,GCN
2025_Wu_Meta_Learning_Physics_Informed_GACN_Power_System,model,MAML
2025_Wu_Meta_Learning_Physics_Informed_GACN_Power_System,model,Meta_PIGACN
2025_Wu_Meta_Learning_Physics_Informed_GACN_Power_System,model,Multi_Head_Attention
2025_Wu_Meta_Learning_Physics_Informed_GACN_Power_System,model,PIGACN
2025_Yang_Stochastic_MPC_Microgrid_EV,dataset,ELIA_Belgian_Grid
2025_Yang_Stochastic_MPC_Microgrid_EV,dataset,NHTS_2009
2025_Yang_Stochastic_MPC_Microgrid_EV,feature,Arrival_Departure_Time
2025_Yang_Stochastic_MPC_Microgrid_EV,feature,Baseload
2025_Yang_Stochastic_MPC_Microgrid_EV,feature,Electricity_Tariff
2025_Yang_Stochastic_MPC_Microgrid_EV,feature,Solar_Power
2025_Yang_Stochastic_MPC_Microgrid_EV,feature,State_of_Charge
2025_Yang_Stochastic_MPC_Microgrid_EV,feature,Wind_Power
2025_Yang_Stochastic_MPC_Microgrid_EV,metric,Computation_Time
2025_Yang_Stochastic_MPC_Microgrid_EV,metric,Operating_Cost
2025_Yang_Stochastic_MPC_Microgrid_EV,metric,Unbalance_Deviation
2025_Yang_Stochastic_MPC_Microgrid_EV,model,MPC
2025_Yang_Stochastic_MPC_Microgrid_EV,model,MS_MPC
2025_Zheng_BWO_ICEEMDAN_iTransformer,dataset,Singapore_Energy_Market_Dataset
2025_Zheng_BWO_ICEEMDAN_iTransformer,feature,Electricity_Load
2025_Zheng_BWO_ICEEMDAN_iTransformer,feature,Electricity_Tariff
2025_Zheng_BWO_ICEEMDAN_iTransformer,feature,Historical_Load
2025_Zheng_BWO_ICEEMDAN_iTransformer,feature,Humidity
2025_Zheng_BWO_ICEEMDAN_iTransformer,feature,Temperature
2025_Zheng_BWO_ICEEMDAN_iTransformer,metric,MAE
2025_Zheng_BWO_ICEEMDAN_iTransformer,metric,RMSE
2025_Zheng_BWO_ICEEMDAN_iTransformer,metric,R_squared
2025_Zheng_BWO_ICEEMDAN_iTransformer,model,BWO
2025_Zheng_BWO_ICEEMDAN_iTransformer,model,ICEEMDAN
2025_Zheng_BWO_ICEEMDAN_iTransformer,model,iTransformer
2025_Zheng_Coherent_Hierarchical_EV_Load,dataset,Caltech_ACN
2025_Zheng_Coherent_Hierarchical_EV_Load,feature,Calendar_Features
2025_Zheng_Coherent_Hierarchical_EV_Load,feature,Dew_Point
2025_Zheng_Coherent_Hierarchical_EV_Load,feature,EV_Charging_Demand
2025_Zheng_Coherent_Hierarchical_EV_Load,feature,Holiday_Flag
2025_Zheng_Coherent_Hierarchical_EV_Load,feature,Precipitation
2025_Zheng_Coherent_Hierarchical_EV_Load,feature,Temperature
2025_Zheng_Coherent_Hierarchical_EV_Load,metric,Energy_Score
2025_Zheng_Coherent_Hierarchical_EV_Load,metric,MAE
2025_Zheng_Coherent_Hierarchical_EV_Load,metric,MASE
2025_Zheng_Coherent_Hierarchical_EV_Load,metric,Pinball_Loss
2025_Zheng_Coherent_Hierarchical_EV_Load,metric,RMSE
2025_Zheng_Coherent_Hierarchical_EV_Load,metric,Winkler_Score
2025_Zheng_Coherent_Hierarchical_EV_Load,model,DCL
2025_Zheng_Coherent_Hierarchical_EV_Load,model,DeepAR
2025_Zheng_Coherent_Hierarchical_EV_Load,model,DeepVAR
2025_Zheng_Coherent_Hierarchical_EV_Load,model,LSTM
2025_Zheng_Coherent_Hierarchical_EV_Load,model,MLP
2025_Zheng_Coherent_Hierarchical_EV_Load,model,PICNN
2025_Zhou_MixerInformer_Transfer_Learning_New_EV_Stations,dataset,Boulder_Colorado
2025_Zhou_MixerInformer_Transfer_Learning_New_EV_Stations,feature,Calendar_Features
2025_Zhou_MixerInformer_Transfer_Learning_New_EV_Stations,feature,Charging_Session_Logs
2025_Zhou_MixerInformer_Transfer_Learning_New_EV_Stations,feature,Historical_Load
2025_Zhou_MixerInformer_Transfer_Learning_New_EV_Stations,metric,MAE
2025_Zhou_MixerInformer_Transfer_Learning_New_EV_Stations,metric,MSE
2025_Zhou_MixerInformer_Transfer_Learning_New_EV_Stations,model,Informer
2025_Zhou_MixerInformer_Transfer_Learning_New_EV_Stations,model,KAN
2025_Zhou_MixerInformer_Transfer_Learning_New_EV_Stations,model,MIK-TST
2025_Zhou_MixerInformer_Transfer_Learning_New_EV_Stations,model,MLP-Mixer
2025_Zhu_Personalized_Federated_Learning,dataset,REFIT
2025_Zhu_Personalized_Federated_Learning,feature,Appliance_Level_Load
2025_Zhu_Personalized_Federated_Learning,feature,Historical_Load
2025_Zhu_Personalized_Federated_Learning,feature,Last_Observed_Power_Anchor
2025_Zhu_Personalized_Federated_Learning,metric,MAE
2025_Zhu_Personalized_Federated_Learning,metric,MSE
2025_Zhu_Personalized_Federated_Learning,metric,R_squared
2025_Zhu_Personalized_Federated_Learning,model,Encoder_Decoder
2025_Zhu_Personalized_Federated_Learning,model,Federated_Mutual_Learning
2025_Zhu_Personalized_Federated_Learning,model,LSTM
2025_Zhu_Personalized_Federated_Learning,model,PF-HoLo
2026_Bouaachra_INLA_Spatio_Temporal_EV_Demand,feature,Electricity_Tariff
2026_Bouaachra_INLA_Spatio_Temporal_EV_Demand,feature,Weather_Traffic
2026_Bouaachra_INLA_Spatio_Temporal_EV_Demand,metric,MAE
2026_Bouaachra_INLA_Spatio_Temporal_EV_Demand,metric,MAPE
2026_Bouaachra_INLA_Spatio_Temporal_EV_Demand,metric,RMSE
2026_Bouaachra_INLA_Spatio_Temporal_EV_Demand,model,INLA_Latent_Gaussian_Model
2026_Bouaachra_INLA_Spatio_Temporal_EV_Demand,model,XGBoost
2026_Hao_Mamba_KAN_HyKANet_EV,dataset,Real_World_EV_DC_Charging
2026_Hao_Mamba_KAN_HyKANet_EV,feature,Calendar_Features
2026_Hao_Mamba_KAN_HyKANet_EV,feature,Electricity_Tariff
2026_Hao_Mamba_KAN_HyKANet_EV,feature,Historical_Load
2026_Hao_Mamba_KAN_HyKANet_EV,feature,Weather
2026_Hao_Mamba_KAN_HyKANet_EV,metric,MAE
2026_Hao_Mamba_KAN_HyKANet_EV,metric,MAPE
2026_Hao_Mamba_KAN_HyKANet_EV,metric,RAE
2026_Hao_Mamba_KAN_HyKANet_EV,metric,RMSE
2026_Hao_Mamba_KAN_HyKANet_EV,model,AST-GAT
2026_Hao_Mamba_KAN_HyKANet_EV,model,DCRNN
2026_Hao_Mamba_KAN_HyKANet_EV,model,FourierGNN
2026_Hao_Mamba_KAN_HyKANet_EV,model,HyKANet
2026_Hao_Mamba_KAN_HyKANet_EV,model,KAN
2026_Hao_Mamba_KAN_HyKANet_EV,model,Mamba_SSM
2026_Hao_Mamba_KAN_HyKANet_EV,model,PAG
2026_Hao_Mamba_KAN_HyKANet_EV,model,STGCN
2026_Hong_SSM_Transformer_LSTM_Grid_Benchmark,feature,Historical_Load
2026_Hong_SSM_Transformer_LSTM_Grid_Benchmark,feature,Weather_Traffic
2026_Hong_SSM_Transformer_LSTM_Grid_Benchmark,metric,MAE
2026_Hong_SSM_Transformer_LSTM_Grid_Benchmark,metric,MAPE
2026_Hong_SSM_Transformer_LSTM_Grid_Benchmark,metric,NRMSE
2026_Hong_SSM_Transformer_LSTM_Grid_Benchmark,model,LSTM
2026_Hong_SSM_Transformer_LSTM_Grid_Benchmark,model,PatchTST
2026_Hong_SSM_Transformer_LSTM_Grid_Benchmark,model,PowerMamba
2026_Hong_SSM_Transformer_LSTM_Grid_Benchmark,model,S_Mamba
2026_Hong_SSM_Transformer_LSTM_Grid_Benchmark,model,iTransformer
2026_Huang_Lyapunov_EV_Scheduling,dataset,CAISO
2026_Huang_Lyapunov_EV_Scheduling,dataset,Shanghai_EV_Arrival_Data
2026_Huang_Lyapunov_EV_Scheduling,feature,Arrival_Departure_Time
2026_Huang_Lyapunov_EV_Scheduling,feature,Charging_Power
2026_Huang_Lyapunov_EV_Scheduling,feature,EV_Arrival_Rate
2026_Huang_Lyapunov_EV_Scheduling,feature,EV_Charging_Demand
2026_Huang_Lyapunov_EV_Scheduling,feature,Electricity_Tariff
2026_Huang_Lyapunov_EV_Scheduling,metric,Computation_Time
2026_Huang_Lyapunov_EV_Scheduling,metric,Maximum_Charging_Delay
2026_Huang_Lyapunov_EV_Scheduling,metric,Optimality_Gap
2026_Huang_Lyapunov_EV_Scheduling,metric,Total_Cost
2026_Huang_Lyapunov_EV_Scheduling,metric,Unit_Cost_USD_per_kWh
2026_Huang_Lyapunov_EV_Scheduling,model,Lyapunov_Optimization
2026_Huang_Lyapunov_EV_Scheduling,model,MPC
2026_Huang_Lyapunov_EV_Scheduling,model,Queuing_Model
2026_Jia_EVformer_Spatio_Temporal_Decoupled_Citywide,dataset,ST-EVCDP
2026_Jia_EVformer_Spatio_Temporal_Decoupled_Citywide,feature,Charging_Duration
2026_Jia_EVformer_Spatio_Temporal_Decoupled_Citywide,feature,Charging_Pile_Density
2026_Jia_EVformer_Spatio_Temporal_Decoupled_Citywide,feature,EV_Charging_Demand
2026_Jia_EVformer_Spatio_Temporal_Decoupled_Citywide,feature,Pile_Utilization_Rate
2026_Jia_EVformer_Spatio_Temporal_Decoupled_Citywide,feature,Pricing_Mechanism
2026_Jia_EVformer_Spatio_Temporal_Decoupled_Citywide,feature,Regional_Functional_Type
2026_Jia_EVformer_Spatio_Temporal_Decoupled_Citywide,feature,Spatio_Temporal_Embedding
2026_Jia_EVformer_Spatio_Temporal_Decoupled_Citywide,feature,Temperature
2026_Jia_EVformer_Spatio_Temporal_Decoupled_Citywide,feature,Time_of_Day
2026_Jia_EVformer_Spatio_Temporal_Decoupled_Citywide,metric,MAE
2026_Jia_EVformer_Spatio_Temporal_Decoupled_Citywide,metric,MAPE
2026_Jia_EVformer_Spatio_Temporal_Decoupled_Citywide,metric,RMSE
2026_Jia_EVformer_Spatio_Temporal_Decoupled_Citywide,model,AST-GAT
2026_Jia_EVformer_Spatio_Temporal_Decoupled_Citywide,model,DCRNN
2026_Jia_EVformer_Spatio_Temporal_Decoupled_Citywide,model,EVformer
2026_Jia_EVformer_Spatio_Temporal_Decoupled_Citywide,model,Gated_Fusion
2026_Jia_EVformer_Spatio_Temporal_Decoupled_Citywide,model,Graph_Attention_Networks
2026_Jia_EVformer_Spatio_Temporal_Decoupled_Citywide,model,Graph_WaveNet
2026_Jia_EVformer_Spatio_Temporal_Decoupled_Citywide,model,MTGNN
2026_Jia_EVformer_Spatio_Temporal_Decoupled_Citywide,model,Multi_Head_Attention
2026_Jia_EVformer_Spatio_Temporal_Decoupled_Citywide,model,PAG
2026_Jia_EVformer_Spatio_Temporal_Decoupled_Citywide,model,STGCN
2026_Jia_EVformer_Spatio_Temporal_Decoupled_Citywide,model,Top-K_Spatial_Attention
2026_Kyriakopoulos_ML_Comparison_EV_Charging_Forecasting,dataset,Boulder_Colorado
2026_Kyriakopoulos_ML_Comparison_EV_Charging_Forecasting,dataset,Dundee_EV
2026_Kyriakopoulos_ML_Comparison_EV_Charging_Forecasting,dataset,Palo_Alto_EV
2026_Kyriakopoulos_ML_Comparison_EV_Charging_Forecasting,dataset,Perth_EV
2026_Kyriakopoulos_ML_Comparison_EV_Charging_Forecasting,feature,Calendar_Features
2026_Kyriakopoulos_ML_Comparison_EV_Charging_Forecasting,feature,Historical_Load
2026_Kyriakopoulos_ML_Comparison_EV_Charging_Forecasting,feature,Holiday_Flag
2026_Kyriakopoulos_ML_Comparison_EV_Charging_Forecasting,feature,Region_ID_One_Hot
2026_Kyriakopoulos_ML_Comparison_EV_Charging_Forecasting,feature,Station_ID_One_Hot
2026_Kyriakopoulos_ML_Comparison_EV_Charging_Forecasting,metric,MAE
2026_Kyriakopoulos_ML_Comparison_EV_Charging_Forecasting,metric,RMSE
2026_Kyriakopoulos_ML_Comparison_EV_Charging_Forecasting,model,ARIMA
2026_Kyriakopoulos_ML_Comparison_EV_Charging_Forecasting,model,GRU
2026_Kyriakopoulos_ML_Comparison_EV_Charging_Forecasting,model,LSTM
2026_Kyriakopoulos_ML_Comparison_EV_Charging_Forecasting,model,Transformer
2026_Kyriakopoulos_ML_Comparison_EV_Charging_Forecasting,model,XGBoost
2026_Lahoti_Mamba_3_Sequence_Modeling,dataset,ARC
2026_Lahoti_Mamba_3_Sequence_Modeling,dataset,FineWeb-Edu
2026_Lahoti_Mamba_3_Sequence_Modeling,dataset,HellaSwag
2026_Lahoti_Mamba_3_Sequence_Modeling,dataset,LAMBADA
2026_Lahoti_Mamba_3_Sequence_Modeling,dataset,OpenBookQA
2026_Lahoti_Mamba_3_Sequence_Modeling,dataset,PIQA
2026_Lahoti_Mamba_3_Sequence_Modeling,dataset,RULER_NIAH
2026_Lahoti_Mamba_3_Sequence_Modeling,dataset,WinoGrande
2026_Lahoti_Mamba_3_Sequence_Modeling,feature,Text_Tokens
2026_Lahoti_Mamba_3_Sequence_Modeling,metric,Accuracy
2026_Lahoti_Mamba_3_Sequence_Modeling,metric,Arithmetic_Intensity
2026_Lahoti_Mamba_3_Sequence_Modeling,metric,Decode_Latency
2026_Lahoti_Mamba_3_Sequence_Modeling,metric,Perplexity
2026_Lahoti_Mamba_3_Sequence_Modeling,model,Gated_DeltaNet
2026_Lahoti_Mamba_3_Sequence_Modeling,model,Mamba-3
2026_Lahoti_Mamba_3_Sequence_Modeling,model,Mamba_SSM
2026_Lahoti_Mamba_3_Sequence_Modeling,model,S4
2026_Lahoti_Mamba_3_Sequence_Modeling,model,Transformer
2026_Liu_MFT_Multi_Scale_Fusion_Transformer,dataset,Norway_Residential_EV_Charging_Dataset
2026_Liu_MFT_Multi_Scale_Fusion_Transformer,feature,Historical_Load
2026_Liu_MFT_Multi_Scale_Fusion_Transformer,feature,Positional_Encoding
2026_Liu_MFT_Multi_Scale_Fusion_Transformer,feature,Scale_Mask
2026_Liu_MFT_Multi_Scale_Fusion_Transformer,feature,Traffic_Density
2026_Liu_MFT_Multi_Scale_Fusion_Transformer,feature,Weather_Features
2026_Liu_MFT_Multi_Scale_Fusion_Transformer,metric,MAE
2026_Liu_MFT_Multi_Scale_Fusion_Transformer,metric,MSE
2026_Liu_MFT_Multi_Scale_Fusion_Transformer,metric,RMSE
2026_Liu_MFT_Multi_Scale_Fusion_Transformer,model,BiLSTM
2026_Liu_MFT_Multi_Scale_Fusion_Transformer,model,GRU
2026_Liu_MFT_Multi_Scale_Fusion_Transformer,model,LSTM
2026_Liu_MFT_Multi_Scale_Fusion_Transformer,model,MFT
2026_Liu_MFT_Multi_Scale_Fusion_Transformer,model,Transformer
2026_Mansour_Hybrid_XGBoost_BiLSTM_EV_Load,dataset,Caltech_ACN
2026_Mansour_Hybrid_XGBoost_BiLSTM_EV_Load,dataset,Synthetic_Cross_Site_EVCS_Dataset
2026_Mansour_Hybrid_XGBoost_BiLSTM_EV_Load,feature,Arrival_Departure_Time
2026_Mansour_Hybrid_XGBoost_BiLSTM_EV_Load,feature,Calendar_Features
2026_Mansour_Hybrid_XGBoost_BiLSTM_EV_Load,feature,Charging_Duration
2026_Mansour_Hybrid_XGBoost_BiLSTM_EV_Load,feature,Holiday_Flag
2026_Mansour_Hybrid_XGBoost_BiLSTM_EV_Load,feature,Lag_Features
2026_Mansour_Hybrid_XGBoost_BiLSTM_EV_Load,feature,Rolling_Mean_Features
2026_Mansour_Hybrid_XGBoost_BiLSTM_EV_Load,feature,kWhDelivered
2026_Mansour_Hybrid_XGBoost_BiLSTM_EV_Load,metric,MAE
2026_Mansour_Hybrid_XGBoost_BiLSTM_EV_Load,metric,MSE
2026_Mansour_Hybrid_XGBoost_BiLSTM_EV_Load,metric,RMSE
2026_Mansour_Hybrid_XGBoost_BiLSTM_EV_Load,metric,R_squared
2026_Mansour_Hybrid_XGBoost_BiLSTM_EV_Load,model,BiLSTM
2026_Mansour_Hybrid_XGBoost_BiLSTM_EV_Load,model,CNN
2026_Mansour_Hybrid_XGBoost_BiLSTM_EV_Load,model,Ensemble_Stacking
2026_Mansour_Hybrid_XGBoost_BiLSTM_EV_Load,model,LightGBM
2026_Mansour_Hybrid_XGBoost_BiLSTM_EV_Load,model,Prophet
2026_Mansour_Hybrid_XGBoost_BiLSTM_EV_Load,model,SARIMAX
2026_Mansour_Hybrid_XGBoost_BiLSTM_EV_Load,model,TCN
2026_Mansour_Hybrid_XGBoost_BiLSTM_EV_Load,model,Transformer
2026_Mansour_Hybrid_XGBoost_BiLSTM_EV_Load,model,XGBoost
2026_MoghadamDost_TFT_Conformal_Environmental_EV_Load,dataset,Palo_Alto_EV
2026_MoghadamDost_TFT_Conformal_Environmental_EV_Load,dataset,Weather
2026_MoghadamDost_TFT_Conformal_Environmental_EV_Load,feature,Calendar_Features
2026_MoghadamDost_TFT_Conformal_Environmental_EV_Load,feature,Charging_Efficiency_Metrics
2026_MoghadamDost_TFT_Conformal_Environmental_EV_Load,feature,Charging_Fee_Statistics
2026_MoghadamDost_TFT_Conformal_Environmental_EV_Load,feature,Cyclical_Encodings
2026_MoghadamDost_TFT_Conformal_Environmental_EV_Load,feature,Historical_Load
2026_MoghadamDost_TFT_Conformal_Environmental_EV_Load,feature,Precipitation
2026_MoghadamDost_TFT_Conformal_Environmental_EV_Load,feature,Rolling_Energy_Aggregates
2026_MoghadamDost_TFT_Conformal_Environmental_EV_Load,feature,Session-Level_Statistics
2026_MoghadamDost_TFT_Conformal_Environmental_EV_Load,feature,Solar_Radiation
2026_MoghadamDost_TFT_Conformal_Environmental_EV_Load,feature,Temperature
2026_MoghadamDost_TFT_Conformal_Environmental_EV_Load,metric,MAE
2026_MoghadamDost_TFT_Conformal_Environmental_EV_Load,metric,MAPE
2026_MoghadamDost_TFT_Conformal_Environmental_EV_Load,metric,MPIW
2026_MoghadamDost_TFT_Conformal_Environmental_EV_Load,metric,MSE
2026_MoghadamDost_TFT_Conformal_Environmental_EV_Load,metric,NPIW
2026_MoghadamDost_TFT_Conformal_Environmental_EV_Load,metric,PICP
2026_MoghadamDost_TFT_Conformal_Environmental_EV_Load,metric,Pinball_Loss
2026_MoghadamDost_TFT_Conformal_Environmental_EV_Load,metric,RMSE
2026_MoghadamDost_TFT_Conformal_Environmental_EV_Load,metric,R_squared
2026_MoghadamDost_TFT_Conformal_Environmental_EV_Load,metric,sMAPE
2026_MoghadamDost_TFT_Conformal_Environmental_EV_Load,model,Quantile_Regression
2026_MoghadamDost_TFT_Conformal_Environmental_EV_Load,model,Temporal_Fusion_Transformer
2026_Romia_CNN_LSTM_Attention_Fast_Charging,dataset,Caltech_ACN
2026_Romia_CNN_LSTM_Attention_Fast_Charging,dataset,Weather
2026_Romia_CNN_LSTM_Attention_Fast_Charging,feature,Calendar_Features
2026_Romia_CNN_LSTM_Attention_Fast_Charging,feature,Historical_Load
2026_Romia_CNN_LSTM_Attention_Fast_Charging,feature,Humidity
2026_Romia_CNN_LSTM_Attention_Fast_Charging,feature,Temperature
2026_Romia_CNN_LSTM_Attention_Fast_Charging,metric,MAE
2026_Romia_CNN_LSTM_Attention_Fast_Charging,metric,RMSE
2026_Romia_CNN_LSTM_Attention_Fast_Charging,metric,R_squared
2026_Romia_CNN_LSTM_Attention_Fast_Charging,model,CNN_LSTM_Attention
2026_Romia_CNN_LSTM_Attention_Fast_Charging,model,CNN_LSTM_Transformer
2026_Romia_CNN_LSTM_Attention_Fast_Charging,model,GRU
2026_Romia_CNN_LSTM_Attention_Fast_Charging,model,LSTM_Transformer
2026_Romia_CNN_LSTM_Attention_Fast_Charging,model,RNN
2026_Romia_CNN_LSTM_Attention_Fast_Charging,model,SARIMA
2026_Romia_CNN_LSTM_Attention_Fast_Charging,model,SVR
2026_Romia_CNN_LSTM_Attention_Fast_Charging,model,Transformer
2026_Singh_MetaLearning_Informer_Probabilistic_EV,dataset,Boulder_Colorado
2026_Singh_MetaLearning_Informer_Probabilistic_EV,dataset,Caltech_ACN
2026_Singh_MetaLearning_Informer_Probabilistic_EV,dataset,Palo_Alto_EV
2026_Singh_MetaLearning_Informer_Probabilistic_EV,feature,Calendar_Features
2026_Singh_MetaLearning_Informer_Probabilistic_EV,feature,Historical_Load
2026_Singh_MetaLearning_Informer_Probabilistic_EV,feature,ProbSparse_Attention
2026_Singh_MetaLearning_Informer_Probabilistic_EV,feature,Token_Embeddings
2026_Singh_MetaLearning_Informer_Probabilistic_EV,feature,Weather_Features
2026_Singh_MetaLearning_Informer_Probabilistic_EV,metric,CRPS
2026_Singh_MetaLearning_Informer_Probabilistic_EV,metric,MAE
2026_Singh_MetaLearning_Informer_Probabilistic_EV,metric,MPIW
2026_Singh_MetaLearning_Informer_Probabilistic_EV,metric,MSE
2026_Singh_MetaLearning_Informer_Probabilistic_EV,metric,PICP
2026_Singh_MetaLearning_Informer_Probabilistic_EV,metric,Pinball_Loss
2026_Singh_MetaLearning_Informer_Probabilistic_EV,metric,RMSE
2026_Singh_MetaLearning_Informer_Probabilistic_EV,metric,Winkler_Score
2026_Singh_MetaLearning_Informer_Probabilistic_EV,model,Informer
2026_Singh_MetaLearning_Informer_Probabilistic_EV,model,LSTM
2026_Singh_MetaLearning_Informer_Probabilistic_EV,model,LSTM-Informer
2026_Singh_MetaLearning_Informer_Probabilistic_EV,model,LSTM_Transformer
2026_Singh_MetaLearning_Informer_Probabilistic_EV,model,MAML
2026_Singh_MetaLearning_Informer_Probabilistic_EV,model,MAML-Informer
2026_Singh_MetaLearning_Informer_Probabilistic_EV,model,Reptile
2026_Singh_MetaLearning_Informer_Probabilistic_EV,model,SVR
2026_Singh_MetaLearning_Informer_Probabilistic_EV,model,Transformer
2026_Tang_PC_M3_Mamba_EV_Clusters,dataset,ACN-Sim
2026_Tang_PC_M3_Mamba_EV_Clusters,dataset,Caltech_ACN
2026_Tang_PC_M3_Mamba_EV_Clusters,dataset,ElaadNL
2026_Tang_PC_M3_Mamba_EV_Clusters,dataset,NHTS_2009
2026_Tang_PC_M3_Mamba_EV_Clusters,dataset,NREL_dsgrid_TEMPO
2026_Tang_PC_M3_Mamba_EV_Clusters,feature,Arrival_Departure_Time
2026_Tang_PC_M3_Mamba_EV_Clusters,feature,Battery_Capacity
2026_Tang_PC_M3_Mamba_EV_Clusters,feature,Charging_Power
2026_Tang_PC_M3_Mamba_EV_Clusters,feature,Energy_Requirement
2026_Tang_PC_M3_Mamba_EV_Clusters,feature,Pilot_Signal
2026_Tang_PC_M3_Mamba_EV_Clusters,feature,State_of_Charge
2026_Tang_PC_M3_Mamba_EV_Clusters,metric,Hausdorff_Distance
2026_Tang_PC_M3_Mamba_EV_Clusters,metric,Inference_Latency
2026_Tang_PC_M3_Mamba_EV_Clusters,metric,RMSE
2026_Tang_PC_M3_Mamba_EV_Clusters,model,Informer
2026_Tang_PC_M3_Mamba_EV_Clusters,model,MPC
2026_Tang_PC_M3_Mamba_EV_Clusters,model,Mamba-3
2026_Tang_PC_M3_Mamba_EV_Clusters,model,Mamba_SSM
2026_Tang_PC_M3_Mamba_EV_Clusters,model,PC-M3
2026_Tang_PC_M3_Mamba_EV_Clusters,model,PowerMamba
2026_Tang_PC_M3_Mamba_EV_Clusters,model,Routing_Mamba
2026_Tang_PC_M3_Mamba_EV_Clusters,model,TD3
2026_Ullah_Decomposition_Stacked_Meta_Learning_EV_Load,dataset,Caltech_ACN
2026_Ullah_Decomposition_Stacked_Meta_Learning_EV_Load,dataset,Palo_Alto_EV
2026_Ullah_Decomposition_Stacked_Meta_Learning_EV_Load,dataset,Paris_Belib_EV
2026_Ullah_Decomposition_Stacked_Meta_Learning_EV_Load,feature,Calendar_Features
2026_Ullah_Decomposition_Stacked_Meta_Learning_EV_Load,feature,Historical_Load
2026_Ullah_Decomposition_Stacked_Meta_Learning_EV_Load,feature,Lag_Features
2026_Ullah_Decomposition_Stacked_Meta_Learning_EV_Load,feature,Residual_Component
2026_Ullah_Decomposition_Stacked_Meta_Learning_EV_Load,feature,Seasonal_Component
2026_Ullah_Decomposition_Stacked_Meta_Learning_EV_Load,feature,Trend_Component
2026_Ullah_Decomposition_Stacked_Meta_Learning_EV_Load,metric,MAE
2026_Ullah_Decomposition_Stacked_Meta_Learning_EV_Load,metric,MAPE
2026_Ullah_Decomposition_Stacked_Meta_Learning_EV_Load,metric,RMSE
2026_Ullah_Decomposition_Stacked_Meta_Learning_EV_Load,metric,R_squared
2026_Ullah_Decomposition_Stacked_Meta_Learning_EV_Load,model,CNN-LSTM-AM
2026_Ullah_Decomposition_Stacked_Meta_Learning_EV_Load,model,CatBoost
2026_Ullah_Decomposition_Stacked_Meta_Learning_EV_Load,model,DeepBoost
2026_Ullah_Decomposition_Stacked_Meta_Learning_EV_Load,model,Informer
2026_Ullah_Decomposition_Stacked_Meta_Learning_EV_Load,model,Prophet
2026_Ullah_Decomposition_Stacked_Meta_Learning_EV_Load,model,Random_Forest
2026_Ullah_Decomposition_Stacked_Meta_Learning_EV_Load,model,Ridge_Regression
2026_Ullah_Decomposition_Stacked_Meta_Learning_EV_Load,model,STL
2026_Ullah_Decomposition_Stacked_Meta_Learning_EV_Load,model,STL_Hybrid
2026_Ullah_Decomposition_Stacked_Meta_Learning_EV_Load,model,XGBoost
2026_Wang_Shengyou_ML_Geographical_Transferability_EV,dataset,Boulder_Colorado
2026_Wang_Shengyou_ML_Geographical_Transferability_EV,dataset,Dundee_EV
2026_Wang_Shengyou_ML_Geographical_Transferability_EV,dataset,Hong_Kong_EV_Charging_Dataset
2026_Wang_Shengyou_ML_Geographical_Transferability_EV,dataset,Palo_Alto_EV
2026_Wang_Shengyou_ML_Geographical_Transferability_EV,dataset,Perth_EV
2026_Wang_Shengyou_ML_Geographical_Transferability_EV,feature,EV_Charging_Demand
2026_Wang_Shengyou_ML_Geographical_Transferability_EV,feature,Historical_Load
2026_Wang_Shengyou_ML_Geographical_Transferability_EV,feature,Lag_Features
2026_Wang_Shengyou_ML_Geographical_Transferability_EV,metric,MAE
2026_Wang_Shengyou_ML_Geographical_Transferability_EV,metric,MAPE
2026_Wang_Shengyou_ML_Geographical_Transferability_EV,model,GRU
2026_Wang_Shengyou_ML_Geographical_Transferability_EV,model,LSTM
2026_Wang_Shengyou_ML_Geographical_Transferability_EV,model,Lasso
2026_Wang_Shengyou_ML_Geographical_Transferability_EV,model,MLP
2026_Wang_Shengyou_ML_Geographical_Transferability_EV,model,Random_Forest
2026_Wang_Xiaoping_TriModal_Causal_EV_Demand,dataset,UrbanEV_Dataset
2026_Wang_Xiaoping_TriModal_Causal_EV_Demand,feature,Electricity_Tariff
2026_Wang_Xiaoping_TriModal_Causal_EV_Demand,feature,Station_Occupancy
2026_Wang_Xiaoping_TriModal_Causal_EV_Demand,feature,Traffic_Zone_Adjacency
2026_Wang_Xiaoping_TriModal_Causal_EV_Demand,metric,MAE
2026_Wang_Xiaoping_TriModal_Causal_EV_Demand,metric,MAPE
2026_Wang_Xiaoping_TriModal_Causal_EV_Demand,metric,RAE
2026_Wang_Xiaoping_TriModal_Causal_EV_Demand,metric,RMSE
2026_Wang_Xiaoping_TriModal_Causal_EV_Demand,model,Causal_Dilated_Convolution
2026_Wang_Xiaoping_TriModal_Causal_EV_Demand,model,Price_Elasticity_Modulator
2026_Wang_Xiaoping_TriModal_Causal_EV_Demand,model,SAGE_Semantic_Aware_Graph_Encoder
2026_Wang_Xiaoping_TriModal_Causal_EV_Demand,model,Set_Transformer_Induced_Attention
2026_Wang_Xiaoping_TriModal_Causal_EV_Demand,model,TACT_Causal_Temporal_Alignment
2026_Wang_Xiaoping_TriModal_Causal_EV_Demand,model,TriCast
2026_Wang_Xu_Similar_Day_Selection_EV_Load,dataset,UrbanEV_Dataset
2026_Wang_Xu_Similar_Day_Selection_EV_Load,feature,Air_Pressure
2026_Wang_Xu_Similar_Day_Selection_EV_Load,feature,Calendar_Features
2026_Wang_Xu_Similar_Day_Selection_EV_Load,feature,Dew_Point
2026_Wang_Xu_Similar_Day_Selection_EV_Load,feature,Historical_Load
2026_Wang_Xu_Similar_Day_Selection_EV_Load,feature,Holiday_Flag
2026_Wang_Xu_Similar_Day_Selection_EV_Load,feature,Humidity
2026_Wang_Xu_Similar_Day_Selection_EV_Load,feature,POI_Functional_Entropy
2026_Wang_Xu_Similar_Day_Selection_EV_Load,feature,Rainfall_Intensity
2026_Wang_Xu_Similar_Day_Selection_EV_Load,feature,Sea_Level_Pressure
2026_Wang_Xu_Similar_Day_Selection_EV_Load,feature,Temperature
2026_Wang_Xu_Similar_Day_Selection_EV_Load,metric,AUC
2026_Wang_Xu_Similar_Day_Selection_EV_Load,metric,F1_Score
2026_Wang_Xu_Similar_Day_Selection_EV_Load,metric,MAE
2026_Wang_Xu_Similar_Day_Selection_EV_Load,metric,Precision
2026_Wang_Xu_Similar_Day_Selection_EV_Load,metric,RMSE
2026_Wang_Xu_Similar_Day_Selection_EV_Load,metric,Recall
2026_Wang_Xu_Similar_Day_Selection_EV_Load,model,LSTM
2026_Wang_Xu_Similar_Day_Selection_EV_Load,model,LightGBM
2026_Wang_Xu_Similar_Day_Selection_EV_Load,model,Multi_Dimensional_DTW
2026_Wang_Xu_Similar_Day_Selection_EV_Load,model,NSGA-II
2026_Wang_Xu_Similar_Day_Selection_EV_Load,model,Random_Forest
2026_Wang_Xu_Similar_Day_Selection_EV_Load,model,SVR
2026_Wang_Xu_Similar_Day_Selection_EV_Load,model,ShapeDTW
2026_Wang_Xu_Similar_Day_Selection_EV_Load,model,XGBoost
2026_Yu_EnergyMamba_Graph_Mamba_ASCQR,dataset,CAISO
2026_Yu_EnergyMamba_Graph_Mamba_ASCQR,dataset,Florida_CBG_Smart_Meter
2026_Yu_EnergyMamba_Graph_Mamba_ASCQR,dataset,NYISO
2026_Yu_EnergyMamba_Graph_Mamba_ASCQR,feature,Historical_Load
2026_Yu_EnergyMamba_Graph_Mamba_ASCQR,metric,Interval_Score
2026_Yu_EnergyMamba_Graph_Mamba_ASCQR,metric,MAE
2026_Yu_EnergyMamba_Graph_Mamba_ASCQR,metric,MPIW
2026_Yu_EnergyMamba_Graph_Mamba_ASCQR,metric,PICP
2026_Yu_EnergyMamba_Graph_Mamba_ASCQR,metric,RMSE
2026_Yu_EnergyMamba_Graph_Mamba_ASCQR,model,AS_CQR
2026_Yu_EnergyMamba_Graph_Mamba_ASCQR,model,EnergyMamba
2026_Yu_EnergyMamba_Graph_Mamba_ASCQR,model,GCN
2026_Yu_EnergyMamba_Graph_Mamba_ASCQR,model,LSTM
2026_Yu_EnergyMamba_Graph_Mamba_ASCQR,model,Mamba_SSM
2026_Yu_EnergyMamba_Graph_Mamba_ASCQR,model,PatchTST
2026_Yu_EnergyMamba_Graph_Mamba_ASCQR,model,Transformer
2026_Zhang_Jinlai_DualDirection_Transformer_EV_Charging,dataset,Boulder_Colorado
2026_Zhang_Jinlai_DualDirection_Transformer_EV_Charging,dataset,ElaadNL
2026_Zhang_Jinlai_DualDirection_Transformer_EV_Charging,dataset,Palo_Alto_EV
2026_Zhang_Jinlai_DualDirection_Transformer_EV_Charging,dataset,Perth_EV
2026_Zhang_Jinlai_DualDirection_Transformer_EV_Charging,feature,Calendar_Features
2026_Zhang_Jinlai_DualDirection_Transformer_EV_Charging,feature,Cyclical_Encodings
2026_Zhang_Jinlai_DualDirection_Transformer_EV_Charging,feature,Historical_Load
2026_Zhang_Jinlai_DualDirection_Transformer_EV_Charging,metric,ACE
2026_Zhang_Jinlai_DualDirection_Transformer_EV_Charging,metric,CRPS
2026_Zhang_Jinlai_DualDirection_Transformer_EV_Charging,metric,MAE
2026_Zhang_Jinlai_DualDirection_Transformer_EV_Charging,metric,MSE
2026_Zhang_Jinlai_DualDirection_Transformer_EV_Charging,metric,RMSE
2026_Zhang_Jinlai_DualDirection_Transformer_EV_Charging,metric,R_squared
2026_Zhang_Jinlai_DualDirection_Transformer_EV_Charging,model,ARIMA
2026_Zhang_Jinlai_DualDirection_Transformer_EV_Charging,model,DDI
2026_Zhang_Jinlai_DualDirection_Transformer_EV_Charging,model,DeepAR
2026_Zhang_Jinlai_DualDirection_Transformer_EV_Charging,model,FEDM
2026_Zhang_Jinlai_DualDirection_Transformer_EV_Charging,model,Informer
2026_Zhang_Jinlai_DualDirection_Transformer_EV_Charging,model,LSTM
2026_Zhang_Jinlai_DualDirection_Transformer_EV_Charging,model,MetaProbformer
2026_Zhang_Jinlai_DualDirection_Transformer_EV_Charging,model,PICCN
2026_Zhang_Jinlai_DualDirection_Transformer_EV_Charging,model,Prophet
2026_Zhang_Jinlai_DualDirection_Transformer_EV_Charging,model,SMAN
2026_Zhang_Jinlai_DualDirection_Transformer_EV_Charging,model,SVR
2026_Zhang_Jinlai_DualDirection_Transformer_EV_Charging,model,Transformer
2026_Zhang_Jinlai_DualDirection_Transformer_EV_Charging,model,USDT
